{"url":"https://www.serebii.net/pokemon/gen2pokemon.shtml","date":"2021-08-25T17:36:19.857Z","title":"Pok�mon - Generation II Pok�mon","data":[{"id":"152","image":"/swordshield/pokemon/152.png","name":"Chikorita","type":"grass","stats":{"hp":"45","atk":"49","def":"65","satk":"49","sdef":"65","spd":"45"}},{"id":"153","image":"/swordshield/pokemon/153.png","name":"Bayleef","type":"grass","stats":{"hp":"60","atk":"62","def":"80","satk":"63","sdef":"80","spd":"60"}},{"id":"154","image":"/swordshield/pokemon/154.png","name":"Meganium","type":"grass","stats":{"hp":"80","atk":"82","def":"100","satk":"83","sdef":"100","spd":"80"}},{"id":"155","image":"/swordshield/pokemon/155.png","name":"Cyndaquil","type":"fire","stats":{"hp":"39","atk":"52","def":"43","satk":"60","sdef":"50","spd":"65"}},{"id":"156","image":"/swordshield/pokemon/156.png","name":"Quilava","type":"fire","stats":{"hp":"58","atk":"64","def":"58","satk":"80","sdef":"65","spd":"80"}},{"id":"157","image":"/swordshield/pokemon/157.png","name":"Typhlosion","type":"fire","stats":{"hp":"78","atk":"84","def":"78","satk":"109","sdef":"85","spd":"100"}},{"id":"158","image":"/swordshield/pokemon/158.png","name":"Totodile","type":"water","stats":{"hp":"50","atk":"65","def":"64","satk":"44","sdef":"48","spd":"43"}},{"id":"159","image":"/swordshield/pokemon/159.png","name":"Croconaw","type":"water","stats":{"hp":"65","atk":"80","def":"80","satk":"59","sdef":"63","spd":"58"}},{"id":"160","image":"/swordshield/pokemon/160.png","name":"Feraligatr","type":"water","stats":{"hp":"85","atk":"105","def":"100","satk":"79","sdef":"83","spd":"78"}},{"id":"161","image":"/swordshield/pokemon/161.png","name":"Sentret","type":"normal","stats":{"hp":"35","atk":"46","def":"34","satk":"35","sdef":"45","spd":"20"}},{"id":"162","image":"/swordshield/pokemon/162.png","name":"Furret","type":"normal","stats":{"hp":"85","atk":"76","def":"64","satk":"45","sdef":"55","spd":"90"}},{"id":"163","image":"/swordshield/pokemon/163.png","name":"Hoothoot","type":"normal,flying","stats":{"hp":"60","atk":"30","def":"30","satk":"36","sdef":"56","spd":"50"}},{"id":"164","image":"/swordshield/pokemon/164.png","name":"Noctowl","type":"normal,flying","stats":{"hp":"100","atk":"50","def":"50","satk":"86","sdef":"96","spd":"70"}},{"id":"165","image":"/swordshield/pokemon/165.png","name":"Ledyba","type":"bug,flying","stats":{"hp":"40","atk":"20","def":"30","satk":"40","sdef":"80","spd":"55"}},{"id":"166","image":"/swordshield/pokemon/166.png","name":"Ledian","type":"bug,flying","stats":{"hp":"55","atk":"35","def":"50","satk":"55","sdef":"110","spd":"85"}},{"id":"167","image":"/swordshield/pokemon/167.png","name":"Spinarak","type":"bug,poison","stats":{"hp":"40","atk":"60","def":"40","satk":"40","sdef":"40","spd":"30"}},{"id":"168","image":"/swordshield/pokemon/168.png","name":"Ariados","type":"bug,poison","stats":{"hp":"70","atk":"90","def":"70","satk":"60","sdef":"70","spd":"40"}},{"id":"169","image":"/swordshield/pokemon/169.png","name":"Crobat","type":"poison,flying","stats":{"hp":"85","atk":"90","def":"80","satk":"70","sdef":"80","spd":"130"}},{"id":"170","image":"/swordshield/pokemon/170.png","name":"Chinchou","type":"water,electric","stats":{"hp":"75","atk":"38","def":"38","satk":"56","sdef":"56","spd":"67"}},{"id":"171","image":"/swordshield/pokemon/171.png","name":"Lanturn","type":"water,electric","stats":{"hp":"125","atk":"58","def":"58","satk":"76","sdef":"76","spd":"67"}},{"id":"172","image":"/swordshield/pokemon/172.png","name":"Pichu","type":"electric","stats":{"hp":"20","atk":"40","def":"15","satk":"35","sdef":"35","spd":"60"}},{"id":"173","image":"/swordshield/pokemon/173.png","name":"Cleffa","type":"fairy","stats":{"hp":"50","atk":"25","def":"28","satk":"45","sdef":"55","spd":"15"}},{"id":"174","image":"/swordshield/pokemon/174.png","name":"Igglybuff","type":"normal,fairy","stats":{"hp":"90","atk":"30","def":"15","satk":"40","sdef":"20","spd":"15"}},{"id":"175","image":"/swordshield/pokemon/175.png","name":"Togepi","type":"fairy","stats":{"hp":"35","atk":"20","def":"65","satk":"40","sdef":"65","spd":"20"}},{"id":"176","image":"/swordshield/pokemon/176.png","name":"Togetic","type":"fairy,flying","stats":{"hp":"55","atk":"40","def":"85","satk":"80","sdef":"105","spd":"40"}},{"id":"177","image":"/swordshield/pokemon/177.png","name":"Natu","type":"psychic,flying","stats":{"hp":"40","atk":"50","def":"45","satk":"70","sdef":"45","spd":"70"}},{"id":"178","image":"/swordshield/pokemon/178.png","name":"Xatu","type":"psychic,flying","stats":{"hp":"65","atk":"75","def":"70","satk":"95","sdef":"70","spd":"95"}},{"id":"179","image":"/swordshield/pokemon/179.png","name":"Mareep","type":"electric","stats":{"hp":"55","atk":"40","def":"40","satk":"65","sdef":"45","spd":"35"}},{"id":"180","image":"/swordshield/pokemon/180.png","name":"Flaaffy","type":"electric","stats":{"hp":"70","atk":"55","def":"55","satk":"80","sdef":"60","spd":"45"}},{"id":"181","image":"/swordshield/pokemon/181.png","name":"Ampharos","type":"electric","stats":{"hp":"90","atk":"75","def":"85","satk":"115","sdef":"90","spd":"55"}},{"id":"182","image":"/swordshield/pokemon/182.png","name":"Bellossom","type":"grass","stats":{"hp":"75","atk":"80","def":"95","satk":"90","sdef":"100","spd":"50"}},{"id":"183","image":"/swordshield/pokemon/183.png","name":"Marill","type":"water,fairy","stats":{"hp":"70","atk":"20","def":"50","satk":"20","sdef":"50","spd":"40"}},{"id":"184","image":"/swordshield/pokemon/184.png","name":"Azumarill","type":"water,fairy","stats":{"hp":"100","atk":"50","def":"80","satk":"60","sdef":"80","spd":"50"}},{"id":"185","image":"/swordshield/pokemon/185.png","name":"Sudowoodo","type":"rock","stats":{"hp":"70","atk":"100","def":"115","satk":"30","sdef":"65","spd":"30"}},{"id":"186","image":"/swordshield/pokemon/186.png","name":"Politoed","type":"water","stats":{"hp":"90","atk":"75","def":"75","satk":"90","sdef":"100","spd":"70"}},{"id":"187","image":"/swordshield/pokemon/187.png","name":"Hoppip","type":"grass,flying","stats":{"hp":"35","atk":"35","def":"40","satk":"35","sdef":"55","spd":"50"}},{"id":"188","image":"/swordshield/pokemon/188.png","name":"Skiploom","type":"grass,flying","stats":{"hp":"55","atk":"45","def":"50","satk":"45","sdef":"65","spd":"80"}},{"id":"189","image":"/swordshield/pokemon/189.png","name":"Jumpluff","type":"grass,flying","stats":{"hp":"75","atk":"55","def":"70","satk":"55","sdef":"95","spd":"110"}},{"id":"190","image":"/swordshield/pokemon/190.png","name":"Aipom","type":"normal","stats":{"hp":"55","atk":"70","def":"55","satk":"40","sdef":"55","spd":"85"}},{"id":"191","image":"/swordshield/pokemon/191.png","name":"Sunkern","type":"grass","stats":{"hp":"30","atk":"30","def":"30","satk":"30","sdef":"30","spd":"30"}},{"id":"192","image":"/swordshield/pokemon/192.png","name":"Sunflora","type":"grass","stats":{"hp":"75","atk":"75","def":"55","satk":"105","sdef":"85","spd":"30"}},{"id":"193","image":"/swordshield/pokemon/193.png","name":"Yanma","type":"bug,flying","stats":{"hp":"65","atk":"65","def":"45","satk":"75","sdef":"45","spd":"95"}},{"id":"194","image":"/swordshield/pokemon/194.png","name":"Wooper","type":"water,ground","stats":{"hp":"55","atk":"45","def":"45","satk":"25","sdef":"25","spd":"15"}},{"id":"195","image":"/swordshield/pokemon/195.png","name":"Quagsire","type":"water,ground","stats":{"hp":"95","atk":"85","def":"85","satk":"65","sdef":"65","spd":"35"}},{"id":"196","image":"/swordshield/pokemon/196.png","name":"Espeon","type":"psychic","stats":{"hp":"65","atk":"65","def":"60","satk":"130","sdef":"95","spd":"110"}},{"id":"197","image":"/swordshield/pokemon/197.png","name":"Umbreon","type":"dark","stats":{"hp":"95","atk":"65","def":"110","satk":"60","sdef":"130","spd":"65"}},{"id":"198","image":"/swordshield/pokemon/198.png","name":"Murkrow","type":"dark,flying","stats":{"hp":"60","atk":"85","def":"42","satk":"85","sdef":"42","spd":"91"}},{"id":"199","image":"/swordshield/pokemon/199.png","name":"Slowking","type":"water,psychic","stats":{"hp":"95","atk":"75","def":"80","satk":"100","sdef":"110","spd":"30"}},{"id":"200","image":"/swordshield/pokemon/200.png","name":"Misdreavus","type":"ghost","stats":{"hp":"60","atk":"60","def":"60","satk":"85","sdef":"85","spd":"85"}},{"id":"201","image":"/swordshield/pokemon/201.png","name":"Unown","type":"psychic","stats":{"hp":"48","atk":"72","def":"48","satk":"72","sdef":"48","spd":"48"}},{"id":"202","image":"/swordshield/pokemon/202.png","name":"Wobbuffet","type":"psychic","stats":{"hp":"190","atk":"33","def":"58","satk":"33","sdef":"58","spd":"33"}},{"id":"203","image":"/swordshield/pokemon/203.png","name":"Girafarig","type":"normal,psychic","stats":{"hp":"70","atk":"80","def":"65","satk":"90","sdef":"65","spd":"85"}},{"id":"204","image":"/swordshield/pokemon/204.png","name":"Pineco","type":"bug","stats":{"hp":"50","atk":"65","def":"90","satk":"35","sdef":"35","spd":"15"}},{"id":"205","image":"/swordshield/pokemon/205.png","name":"Forretress","type":"bug,steel","stats":{"hp":"75","atk":"90","def":"140","satk":"60","sdef":"60","spd":"40"}},{"id":"206","image":"/swordshield/pokemon/206.png","name":"Dunsparce","type":"normal","stats":{"hp":"100","atk":"70","def":"70","satk":"65","sdef":"65","spd":"45"}},{"id":"207","image":"/swordshield/pokemon/207.png","name":"Gligar","type":"ground,flying","stats":{"hp":"65","atk":"75","def":"105","satk":"35","sdef":"65","spd":"85"}},{"id":"208","image":"/swordshield/pokemon/208.png","name":"Steelix","type":"steel,ground","stats":{"hp":"75","atk":"85","def":"200","satk":"55","sdef":"65","spd":"30"}},{"id":"209","image":"/swordshield/pokemon/209.png","name":"Snubbull","type":"fairy","stats":{"hp":"60","atk":"80","def":"50","satk":"40","sdef":"40","spd":"30"}},{"id":"210","image":"/swordshield/pokemon/210.png","name":"Granbull","type":"fairy","stats":{"hp":"90","atk":"120","def":"75","satk":"60","sdef":"60","spd":"45"}},{"id":"211","image":"/swordshield/pokemon/211.png","name":"Qwilfish","type":"water,poison","stats":{"hp":"65","atk":"95","def":"85","satk":"55","sdef":"55","spd":"85"}},{"id":"212","image":"/swordshield/pokemon/212.png","name":"Scizor","type":"bug,steel","stats":{"hp":"70","atk":"130","def":"100","satk":"55","sdef":"80","spd":"65"}},{"id":"213","image":"/swordshield/pokemon/213.png","name":"Shuckle","type":"bug,rock","stats":{"hp":"20","atk":"10","def":"230","satk":"10","sdef":"230","spd":"5"}},{"id":"214","image":"/swordshield/pokemon/214.png","name":"Heracross","type":"bug,fighting","stats":{"hp":"80","atk":"125","def":"75","satk":"40","sdef":"95","spd":"85"}},{"id":"215","image":"/swordshield/pokemon/215.png","name":"Sneasel","type":"dark,ice","stats":{"hp":"55","atk":"95","def":"55","satk":"35","sdef":"75","spd":"115"}},{"id":"216","image":"/swordshield/pokemon/216.png","name":"Teddiursa","type":"normal","stats":{"hp":"60","atk":"80","def":"50","satk":"50","sdef":"50","spd":"40"}},{"id":"217","image":"/swordshield/pokemon/217.png","name":"Ursaring","type":"normal","stats":{"hp":"90","atk":"130","def":"75","satk":"75","sdef":"75","spd":"55"}},{"id":"218","image":"/swordshield/pokemon/218.png","name":"Slugma","type":"fire","stats":{"hp":"40","atk":"40","def":"40","satk":"70","sdef":"40","spd":"20"}},{"id":"219","image":"/swordshield/pokemon/219.png","name":"Magcargo","type":"fire,rock","stats":{"hp":"60","atk":"50","def":"120","satk":"90","sdef":"80","spd":"30"}},{"id":"220","image":"/swordshield/pokemon/220.png","name":"Swinub","type":"ice,ground","stats":{"hp":"50","atk":"50","def":"40","satk":"30","sdef":"30","spd":"50"}},{"id":"221","image":"/swordshield/pokemon/221.png","name":"Piloswine","type":"ice,ground","stats":{"hp":"100","atk":"100","def":"80","satk":"60","sdef":"60","spd":"50"}},{"id":"222","image":"/swordshield/pokemon/222.png","name":"Corsola","type":"water,rock","stats":{"hp":"65","atk":"55","def":"95","satk":"65","sdef":"95","spd":"35"}},{"id":"223","image":"/swordshield/pokemon/223.png","name":"Remoraid","type":"water","stats":{"hp":"35","atk":"65","def":"35","satk":"65","sdef":"35","spd":"65"}},{"id":"224","image":"/swordshield/pokemon/224.png","name":"Octillery","type":"water","stats":{"hp":"75","atk":"105","def":"75","satk":"105","sdef":"75","spd":"45"}},{"id":"225","image":"/swordshield/pokemon/225.png","name":"Delibird","type":"ice,flying","stats":{"hp":"45","atk":"55","def":"45","satk":"65","sdef":"45","spd":"75"}},{"id":"226","image":"/swordshield/pokemon/226.png","name":"Mantine","type":"water,flying","stats":{"hp":"85","atk":"40","def":"70","satk":"80","sdef":"140","spd":"70"}},{"id":"227","image":"/swordshield/pokemon/227.png","name":"Skarmory","type":"steel,flying","stats":{"hp":"65","atk":"80","def":"140","satk":"40","sdef":"70","spd":"70"}},{"id":"228","image":"/swordshield/pokemon/228.png","name":"Houndour","type":"dark,fire","stats":{"hp":"45","atk":"60","def":"30","satk":"80","sdef":"50","spd":"65"}},{"id":"229","image":"/swordshield/pokemon/229.png","name":"Houndoom","type":"dark,fire","stats":{"hp":"75","atk":"90","def":"50","satk":"110","sdef":"80","spd":"95"}},{"id":"230","image":"/swordshield/pokemon/230.png","name":"Kingdra","type":"water,dragon","stats":{"hp":"75","atk":"95","def":"95","satk":"95","sdef":"95","spd":"85"}},{"id":"231","image":"/swordshield/pokemon/231.png","name":"Phanpy","type":"ground","stats":{"hp":"90","atk":"60","def":"60","satk":"40","sdef":"40","spd":"40"}},{"id":"232","image":"/swordshield/pokemon/232.png","name":"Donphan","type":"ground","stats":{"hp":"90","atk":"120","def":"120","satk":"60","sdef":"60","spd":"50"}},{"id":"233","image":"/swordshield/pokemon/233.png","name":"Porygon2","type":"normal","stats":{"hp":"85","atk":"80","def":"90","satk":"105","sdef":"95","spd":"60"}},{"id":"234","image":"/swordshield/pokemon/234.png","name":"Stantler","type":"normal","stats":{"hp":"73","atk":"95","def":"62","satk":"85","sdef":"65","spd":"85"}},{"id":"235","image":"/swordshield/pokemon/235.png","name":"Smeargle","type":"normal","stats":{"hp":"55","atk":"20","def":"35","satk":"20","sdef":"45","spd":"75"}},{"id":"236","image":"/swordshield/pokemon/236.png","name":"Tyrogue","type":"fighting","stats":{"hp":"35","atk":"35","def":"35","satk":"35","sdef":"35","spd":"35"}},{"id":"237","image":"/swordshield/pokemon/237.png","name":"Hitmontop","type":"fighting","stats":{"hp":"50","atk":"95","def":"95","satk":"35","sdef":"110","spd":"70"}},{"id":"238","image":"/swordshield/pokemon/238.png","name":"Smoochum","type":"ice,psychic","stats":{"hp":"45","atk":"30","def":"15","satk":"85","sdef":"65","spd":"65"}},{"id":"239","image":"/swordshield/pokemon/239.png","name":"Elekid","type":"electric","stats":{"hp":"45","atk":"63","def":"37","satk":"65","sdef":"55","spd":"95"}},{"id":"240","image":"/swordshield/pokemon/240.png","name":"Magby","type":"fire","stats":{"hp":"45","atk":"75","def":"37","satk":"70","sdef":"55","spd":"83"}},{"id":"241","image":"/swordshield/pokemon/241.png","name":"Miltank","type":"normal","stats":{"hp":"95","atk":"80","def":"105","satk":"40","sdef":"70","spd":"100"}},{"id":"242","image":"/swordshield/pokemon/242.png","name":"Blissey","type":"normal","stats":{"hp":"255","atk":"10","def":"10","satk":"75","sdef":"135","spd":"55"}},{"id":"243","image":"/swordshield/pokemon/243.png","name":"Raikou","type":"electric","stats":{"hp":"90","atk":"85","def":"75","satk":"115","sdef":"100","spd":"115"}},{"id":"244","image":"/swordshield/pokemon/244.png","name":"Entei","type":"fire","stats":{"hp":"115","atk":"115","def":"85","satk":"90","sdef":"75","spd":"100"}},{"id":"245","image":"/swordshield/pokemon/245.png","name":"Suicune","type":"water","stats":{"hp":"100","atk":"75","def":"115","satk":"90","sdef":"115","spd":"85"}},{"id":"246","image":"/swordshield/pokemon/246.png","name":"Larvitar","type":"rock,ground","stats":{"hp":"50","atk":"64","def":"50","satk":"45","sdef":"50","spd":"41"}},{"id":"247","image":"/swordshield/pokemon/247.png","name":"Pupitar","type":"rock,ground","stats":{"hp":"70","atk":"84","def":"70","satk":"65","sdef":"70","spd":"51"}},{"id":"248","image":"/swordshield/pokemon/248.png","name":"Tyranitar","type":"rock,dark","stats":{"hp":"100","atk":"134","def":"110","satk":"95","sdef":"100","spd":"61"}},{"id":"249","image":"/swordshield/pokemon/249.png","name":"Lugia","type":"psychic,flying","stats":{"hp":"106","atk":"90","def":"130","satk":"90","sdef":"154","spd":"110"}},{"id":"250","image":"/swordshield/pokemon/250.png","name":"Ho-Oh","type":"fire,flying","stats":{"hp":"106","atk":"130","def":"90","satk":"110","sdef":"154","spd":"90"}},{"id":"251","image":"/swordshield/pokemon/251.png","name":"Celebi","type":"psychic,grass","stats":{"hp":"100","atk":"100","def":"100","satk":"100","sdef":"100","spd":"100"}}]}