{"url":"https://farmtogether.fandom.com/wiki/Animals","date":"2021-07-06T16:16:49.218Z","title":"Animals | Farm Together Wiki | Fandom","data":{"Chicken":[{"name":"","type":"Chicken","link":"https://static.wikia.nocookie.net/farmtogether/images/0/02/Leghorn_Chicken.png/revision/latest?cb=20190710165552"},{"name":"Leghorn Chicken","type":"Chicken","link":"/wiki/Leghorn_Chicken"},{"name":"","type":"Chicken","link":"https://static.wikia.nocookie.net/farmtogether/images/d/dd/New_Hampshire_Chicken.png/revision/latest?cb=20190710173059"},{"name":"New Hampshire Chicken","type":"Chicken","link":"/wiki/New_Hampshire_Chicken"},{"name":"","type":"Chicken","link":"https://static.wikia.nocookie.net/farmtogether/images/4/4c/Plymouth_Rock_Chicken.png/revision/latest?cb=20190710165024"},{"name":"Plymouth Rock Chicken","type":"Chicken","link":"/wiki/Plymouth_Rock_Chicken"},{"name":"","type":"Chicken","link":"https://static.wikia.nocookie.net/farmtogether/images/9/93/Jersey_Giant_Chicken.png/revision/latest?cb=20190710170234"},{"name":"Jersey Giant Chicken","type":"Chicken","link":"/wiki/Jersey_Giant_Chicken"},{"name":"","type":"Chicken","link":"https://static.wikia.nocookie.net/farmtogether/images/b/bb/Barnevelder_Chicken.png/revision/latest?cb=20190710170912"},{"name":"Barnevelder Chicken","type":"Chicken","link":"/wiki/Barnevelder_Chicken"}],"Ducks":[{"name":"","type":"Ducks","link":"https://static.wikia.nocookie.net/farmtogether/images/e/e8/Aylesbury_Duck.png/revision/latest?cb=20190710173921"},{"name":"Aylesbury Duck","type":"Ducks","link":"/wiki/Aylesbury_Duck"},{"name":"","type":"Ducks","link":"https://static.wikia.nocookie.net/farmtogether/images/b/b6/Duckling.png/revision/latest?cb=20190331193656"},{"name":"Duckling","type":"Ducks","link":"/wiki/Duckling"},{"name":"","type":"Ducks","link":"https://static.wikia.nocookie.net/farmtogether/images/3/3d/Abacot_Ranger_Duck.png/revision/latest?cb=20190710173556"},{"name":"Abacot Ranger Duck","type":"Ducks","link":"/wiki/Abacot_Ranger_Duck"},{"name":"","type":"Ducks","link":"https://static.wikia.nocookie.net/farmtogether/images/3/30/Muscovy_Duck.png/revision/latest?cb=20190712192608"},{"name":"Muscovy Duck","type":"Ducks","link":"/wiki/Muscovy_Duck"}],"Cows":[{"name":"","type":"Cows","link":"https://static.wikia.nocookie.net/farmtogether/images/1/13/Jersey_Cow.png/revision/latest?cb=20190710175101"},{"name":"Jersey Cow","type":"Cows","link":"/wiki/Jersey_Cow"},{"name":"","type":"Cows","link":"https://static.wikia.nocookie.net/farmtogether/images/a/a9/Holstein_Cow.png/revision/latest?cb=20190710175020"},{"name":"Holstein Cow","type":"Cows","link":"/wiki/Holstein_Cow"},{"name":"","type":"Cows","link":"https://static.wikia.nocookie.net/farmtogether/images/f/f8/Belted_Cow.png/revision/latest?cb=20190710174815"},{"name":"Belted Cow","type":"Cows","link":"/wiki/Belted_Cow"},{"name":"","type":"Cows","link":"https://static.wikia.nocookie.net/farmtogether/images/4/4b/Ayrshire_Cow.png/revision/latest?cb=20190710174553"},{"name":"Ayrshire Cow","type":"Cows","link":"/wiki/Ayrshire_Cow"}],"Pigs":[{"name":"","type":"Pigs","link":"https://static.wikia.nocookie.net/farmtogether/images/a/a0/Landrace_Pig.png/revision/latest?cb=20190710180011"},{"name":"Landrace Pig","type":"Pigs","link":"/wiki/Landrace_Pig"},{"name":"","type":"Pigs","link":"https://static.wikia.nocookie.net/farmtogether/images/3/33/Hampshire_Pig.png/revision/latest?cb=20190710175720"},{"name":"Hampshire Pig","type":"Pigs","link":"/wiki/Hampshire_Pig"},{"name":"","type":"Pigs","link":"https://static.wikia.nocookie.net/farmtogether/images/f/f3/Berkshire_Pig.png/revision/latest?cb=20190710175535"},{"name":"Berkshire Pig","type":"Pigs","link":"/wiki/Berkshire_Pig"},{"name":"","type":"Pigs","link":"https://static.wikia.nocookie.net/farmtogether/images/1/14/Bentheim_Pig.png/revision/latest?cb=20190710175332"},{"name":"Bentheim Pig","type":"Pigs","link":"/wiki/Bentheim_Pig"},{"name":"","type":"Pigs","link":"https://static.wikia.nocookie.net/farmtogether/images/6/63/Hereford_Pig.png/revision/latest?cb=20190710175833"},{"name":"Hereford Pig","type":"Pigs","link":"/wiki/Hereford_Pig"}],"Donkeys":[{"name":"","type":"Donkeys","link":"https://static.wikia.nocookie.net/farmtogether/images/c/c1/Andalusian_Donkey.png/revision/latest?cb=20190710194222"},{"name":"Andalusian Donkey","type":"Donkeys","link":"/wiki/Andalusian_Donkey"},{"name":"","type":"Donkeys","link":"https://static.wikia.nocookie.net/farmtogether/images/8/89/Provence_Donkey.png/revision/latest?cb=20190710183929"},{"name":"Provence Donkey","type":"Donkeys","link":"/wiki/Provence_Donkey"},{"name":"","type":"Donkeys","link":"https://static.wikia.nocookie.net/farmtogether/images/4/49/Albino_Donkey.png/revision/latest?cb=20190710183647"},{"name":"Albino Donkey","type":"Donkeys","link":"/wiki/Albino_Donkey"},{"name":"","type":"Donkeys","link":"https://static.wikia.nocookie.net/farmtogether/images/9/96/Miranda_Donkey.png/revision/latest?cb=20190710183838"},{"name":"Miranda Donkey","type":"Donkeys","link":"/wiki/Miranda_Donkey"},{"name":"","type":"Donkeys","link":"https://static.wikia.nocookie.net/farmtogether/images/a/ad/Mammoth_Jack_Donkey.png/revision/latest?cb=20190710205257"},{"name":"Mammoth Jack Donkey","type":"Donkeys","link":"/wiki/Mammoth_Jack_Donkey"}],"Sheep":[{"name":"","type":"Sheep","link":"https://static.wikia.nocookie.net/farmtogether/images/8/89/Merino_Sheep.png/revision/latest?cb=20190710180224"},{"name":"Merino Sheep","type":"Sheep","link":"/wiki/Merino_Sheep"},{"name":"","type":"Sheep","link":"https://static.wikia.nocookie.net/farmtogether/images/2/28/Black_Welsh_Sheep.png/revision/latest?cb=20190710181152"},{"name":"Black Welsh Sheep","type":"Sheep","link":"/wiki/Black_Welsh_Sheep"},{"name":"","type":"Sheep","link":"https://static.wikia.nocookie.net/farmtogether/images/0/01/Hampshire_Sheep.png/revision/latest?cb=20190710181111"},{"name":"Hampshire Sheep","type":"Sheep","link":"/wiki/Hampshire_Sheep"},{"name":"","type":"Sheep","link":"https://static.wikia.nocookie.net/farmtogether/images/5/5b/Romanov_Sheep.png/revision/latest?cb=20190710180644"},{"name":"Romanov Sheep","type":"Sheep","link":"/wiki/Romanov_Sheep"},{"name":"","type":"Sheep","link":"https://static.wikia.nocookie.net/farmtogether/images/c/c5/Texel_Sheep.png/revision/latest?cb=20190710180829"},{"name":"Texel Sheep","type":"Sheep","link":"/wiki/Texel_Sheep"}],"Goats":[{"name":"","type":"Goats","link":"https://static.wikia.nocookie.net/farmtogether/images/e/e8/Alpine_Goat.png/revision/latest?cb=20190710182009"},{"name":"Alpine Goat","type":"Goats","link":"/wiki/Alpine_Goat"},{"name":"","type":"Goats","link":"https://static.wikia.nocookie.net/farmtogether/images/b/b9/Australian_Brown_Goat.png/revision/latest?cb=20190710181546"},{"name":"Australian Brown Goat","type":"Goats","link":"/wiki/Australian_Brown_Goat"},{"name":"","type":"Goats","link":"https://static.wikia.nocookie.net/farmtogether/images/5/5f/Saanen_Goat.png/revision/latest?cb=20190710182140"},{"name":"Saanen Goat","type":"Goats","link":"/wiki/Saanen_Goat"},{"name":"","type":"Goats","link":"https://static.wikia.nocookie.net/farmtogether/images/d/dd/Belgian_Fawn_Goat.png/revision/latest?cb=20190710182007"},{"name":"Belgian Fawn Goat","type":"Goats","link":"/wiki/Belgian_Fawn_Goat"},{"name":"","type":"Goats","link":"https://static.wikia.nocookie.net/farmtogether/images/8/8d/Nigerian_Dwarf_Goat.png/revision/latest?cb=20190710182004"},{"name":"Nigerian Dwarf Goat","type":"Goats","link":"/wiki/Nigerian_Dwarf_Goat"}],"Rabbits":[{"name":"","type":"Rabbits","link":"https://static.wikia.nocookie.net/farmtogether/images/7/73/Mini_Rex_Rabbit.png/revision/latest?cb=20190710183419"},{"name":"Mini Rex Rabbit","type":"Rabbits","link":"/wiki/Mini_Rex_Rabbit"},{"name":"","type":"Rabbits","link":"https://static.wikia.nocookie.net/farmtogether/images/c/c2/Dutch_Rabbit.png/revision/latest?cb=20190710183430"},{"name":"Dutch Rabbit","type":"Rabbits","link":"/wiki/Dutch_Rabbit"},{"name":"","type":"Rabbits","link":"https://static.wikia.nocookie.net/farmtogether/images/b/b0/Havana_Rabbit.png/revision/latest?cb=20190710183239"},{"name":"Havana Rabbit","type":"Rabbits","link":"/wiki/Havana_Rabbit"},{"name":"","type":"Rabbits","link":"https://static.wikia.nocookie.net/farmtogether/images/1/1f/Thrianta_Rabbit.png/revision/latest?cb=20190710183343"},{"name":"Thrianta Rabbit","type":"Rabbits","link":"/wiki/Thrianta_Rabbit"},{"name":"","type":"Rabbits","link":"https://static.wikia.nocookie.net/farmtogether/images/a/a1/Silver_Rabbit.png/revision/latest?cb=20190331194217"},{"name":"Silver Rabbit","type":"Rabbits","link":"/wiki/Silver_Rabbit"},{"name":"","type":"Rabbits","link":"https://static.wikia.nocookie.net/farmtogether/images/f/fb/Harlequin_Rabbit.png/revision/latest?cb=20190710183424"},{"name":"Harlequin Rabbit","type":"Rabbits","link":"/wiki/Harlequin_Rabbit"}],"Horses":[{"name":"","type":"Horses","link":"https://static.wikia.nocookie.net/farmtogether/images/1/12/Holsteiner_Horse.png/revision/latest?cb=20190710184848"},{"name":"Holsteiner Horse","type":"Horses","link":"/wiki/Holsteiner_Horse"},{"name":"","type":"Horses","link":"https://static.wikia.nocookie.net/farmtogether/images/0/00/Akhal-Teke_Horse.png/revision/latest?cb=20190710185420"},{"name":"Akhal-Teke Horse","type":"Horses","link":"/wiki/Akhal-Teke_Horse"},{"name":"","type":"Horses","link":"https://static.wikia.nocookie.net/farmtogether/images/e/e5/Appaloosa_Horse.png/revision/latest?cb=20190710185218"},{"name":"Appaloosa Horse","type":"Horses","link":"/wiki/Appaloosa_Horse"},{"name":"","type":"Horses","link":"https://static.wikia.nocookie.net/farmtogether/images/a/a1/Arabian_Horse.png/revision/latest?cb=20190710185121"},{"name":"Arabian Horse","type":"Horses","link":"/wiki/Arabian_Horse"},{"name":"","type":"Horses","link":"https://static.wikia.nocookie.net/farmtogether/images/6/62/Friesian_Horse.png/revision/latest?cb=20190710185022"},{"name":"Friesian Horse","type":"Horses","link":"/wiki/Friesian_Horse"},{"name":"","type":"Horses","link":"https://static.wikia.nocookie.net/farmtogether/images/e/e5/American_Paint_Horse.png/revision/latest?cb=20190710185304"},{"name":"American Paint Horse","type":"Horses","link":"/wiki/American_Paint_Horse"}],"Alpacas":[{"name":"","type":"Alpacas","link":"https://static.wikia.nocookie.net/farmtogether/images/d/dd/Huacaya_Alpaca.png/revision/latest?cb=20190710194904"},{"name":"Huacaya Alpaca","type":"Alpacas","link":"/wiki/Huacaya_Alpaca"},{"name":"","type":"Alpacas","link":"https://static.wikia.nocookie.net/farmtogether/images/f/f2/Suri_Alpaca.png/revision/latest?cb=20190710194538"},{"name":"Suri Alpaca","type":"Alpacas","link":"/wiki/Suri_Alpaca"}],"Turkeys":[{"name":"","type":"Turkeys","link":"https://static.wikia.nocookie.net/farmtogether/images/d/d2/Black_Spanish_Turkey.png/revision/latest?cb=20190710184508"},{"name":"Black Spanish Turkey","type":"Turkeys","link":"/wiki/Black_Spanish_Turkey"},{"name":"","type":"Turkeys","link":"https://static.wikia.nocookie.net/farmtogether/images/4/48/Bourbon_Red_Turkey.png/revision/latest?cb=20190710184259"},{"name":"Bourbon Red Turkey","type":"Turkeys","link":"/wiki/Bourbon_Red_Turkey"},{"name":"","type":"Turkeys","link":"https://static.wikia.nocookie.net/farmtogether/images/6/63/Royal_Palm_Turkey.png/revision/latest?cb=20190710184155"},{"name":"Royal Palm Turkey","type":"Turkeys","link":"/wiki/Royal_Palm_Turkey"},{"name":"","type":"Turkeys","link":"https://static.wikia.nocookie.net/farmtogether/images/d/da/Blue_Slate_Turkey.png/revision/latest?cb=20190710184409"},{"name":"Blue Slate Turkey","type":"Turkeys","link":"/wiki/Blue_Slate_Turkey"},{"name":"","type":"Turkeys","link":"https://static.wikia.nocookie.net/farmtogether/images/6/61/Peacock.png/revision/latest?cb=20190829153335"},{"name":"Peacock","type":"Turkeys","link":"/wiki/Peacock"}],"Ostriches":[{"name":"","type":"Ostriches","link":"https://static.wikia.nocookie.net/farmtogether/images/a/ad/Ostrich.png/revision/latest?cb=20190331193917"},{"name":"Ostrich","type":"Ostriches","link":"/wiki/Ostrich"},{"name":"","type":"Ostriches","link":"https://static.wikia.nocookie.net/farmtogether/images/5/5d/Emu.png/revision/latest?cb=20190710185831"},{"name":"Emu","type":"Ostriches","link":"/wiki/Emu"},{"name":"","type":"Ostriches","link":"https://static.wikia.nocookie.net/farmtogether/images/3/37/Rhea.png/revision/latest?cb=20190710190045"},{"name":"Rhea","type":"Ostriches","link":"/wiki/Rhea"}],"Deer":[{"name":"","type":"Deer","link":"https://static.wikia.nocookie.net/farmtogether/images/e/e2/Red_Deer.png/revision/latest?cb=20190718174920"},{"name":"Red Deer","type":"Deer","link":"/wiki/Red_Deer"},{"name":"","type":"Deer","link":"https://static.wikia.nocookie.net/farmtogether/images/f/fb/Roe_Deer.png/revision/latest?cb=20190802214327"},{"name":"Roe Deer","type":"Deer","link":"/wiki/Roe_Deer"},{"name":"","type":"Deer","link":"https://static.wikia.nocookie.net/farmtogether/images/5/58/Fallow_Deer.png/revision/latest?cb=20190820113043"},{"name":"Fallow Deer","type":"Deer","link":"/wiki/Fallow_Deer"},{"name":"","type":"Deer","link":"https://static.wikia.nocookie.net/farmtogether/images/2/24/Reindeer.png/revision/latest?cb=20190823114912"},{"name":"Reindeer","type":"Deer","link":"/wiki/Reindeer"}],"Event":[{"name":"","type":"Event","link":"https://static.wikia.nocookie.net/farmtogether/images/b/bd/Easter_Rabbit.png/revision/latest?cb=20190710190208"},{"name":"Easter Rabbit","type":"Event","link":"/wiki/Easter_Rabbit"},{"name":"","type":"Event","link":"https://static.wikia.nocookie.net/farmtogether/images/7/7e/Unicorn.png/revision/latest?cb=20190331194222"},{"name":"Unicorn","type":"Event","link":"/wiki/Unicorn"},{"name":"","type":"Event","link":"https://static.wikia.nocookie.net/farmtogether/images/e/ef/Flaming_Horse.png/revision/latest?cb=20191003145713"},{"name":"Flaming Horse","type":"Event","link":"/wiki/Flaming_Horse"},{"name":"","type":"Event","link":"https://static.wikia.nocookie.net/farmtogether/images/8/85/Frost_Horse.png/revision/latest?cb=20191003145714"},{"name":"Frost Horse","type":"Event","link":"/wiki/Frost_Horse"},{"name":"","type":"Event","link":"https://static.wikia.nocookie.net/farmtogether/images/0/00/Arcane_Horse.png/revision/latest?cb=20191003145713"},{"name":"Arcane Horse","type":"Event","link":"/wiki/Arcane_Horse"}]}}