{
  "url": "https://farmtogether.fandom.com/wiki/Crops",
  "date": "2021-07-06T16:14:57.160Z",
  "title": "Crops | Farm Together Wiki | Fandom",
  "data": {
    "Vegetables": [
      {
        "name": "Carrot",
        "type": "Vegetables",
        "link": "/wiki/Carrot"
      },
      {
        "name": "Lettuce",
        "type": "Vegetables",
        "link": "/wiki/Lettuce"
      },
      {
        "name": "Cabbage",
        "type": "Vegetables",
        "link": "/wiki/Cabbage"
      },
      {
        "name": "Lombardy Cabbage",
        "type": "Vegetables",
        "link": "/wiki/Lombardy_Cabbage"
      },
      {
        "name": "Purple Carrot",
        "type": "Vegetables",
        "link": "/wiki/Purple_Carrot"
      },
      {
        "name": "Yellow Onion",
        "type": "Vegetables",
        "link": "/wiki/Yellow_Onion"
      },
      {
        "name": "Red Onion",
        "type": "Vegetables",
        "link": "/wiki/Red_Onion"
      },
      {
        "name": "Leek",
        "type": "Vegetables",
        "link": "/wiki/Leek"
      },
      {
        "name": "Chard",
        "type": "Vegetables",
        "link": "/wiki/Chard"
      },
      {
        "name": "Spinach",
        "type": "Vegetables",
        "link": "/wiki/Spinach"
      },
      {
        "name": "Broccoli",
        "type": "Vegetables",
        "link": "/wiki/Broccoli"
      },
      {
        "name": "Graffiti Cauliflower",
        "type": "Vegetables",
        "link": "/wiki/Graffiti_Cauliflower"
      },
      {
        "name": "Pumpkin",
        "type": "Vegetables",
        "link": "/wiki/Pumpkin"
      },
      {
        "name": "Cauliflower",
        "type": "Vegetables",
        "link": "/wiki/Cauliflower"
      },
      {
        "name": "Romanesco",
        "type": "Vegetables",
        "link": "/wiki/Romanesco"
      },
      {
        "name": "Cheddar Cauliflower",
        "type": "Vegetables",
        "link": "/wiki/Cheddar_Cauliflower"
      },
      {
        "name": "Crookneck Pumpkin",
        "type": "Vegetables",
        "link": "/wiki/Crookneck_Pumpkin"
      },
      {
        "name": "Zucchini",
        "type": "Vegetables",
        "link": "/wiki/Zucchini"
      },
      {
        "name": "Yellow Zucchini",
        "type": "Vegetables",
        "link": "/wiki/Yellow_Zucchini"
      },
      {
        "name": "Aloe Vera",
        "type": "Vegetables",
        "link": "/wiki/Aloe_Vera"
      },
      {
        "name": "Beefsteak Tomato",
        "type": "Vegetables",
        "link": "/wiki/Beefsteak_Tomato"
      },
      {
        "name": "Tomato",
        "type": "Vegetables",
        "link": "/wiki/Tomato"
      },
      {
        "name": "Azoychka Tomato",
        "type": "Vegetables",
        "link": "/wiki/Azoychka_Tomato"
      },
      {
        "name": "Cherokee Purple Tomato",
        "type": "Vegetables",
        "link": "/wiki/Cherokee_Purple_Tomato"
      },
      {
        "name": "Yellow Pepper",
        "type": "Vegetables",
        "link": "/wiki/Yellow_Pepper"
      },
      {
        "name": "Green Pepper",
        "type": "Vegetables",
        "link": "/wiki/Green_Pepper"
      },
      {
        "name": "Red Pepper",
        "type": "Vegetables",
        "link": "/wiki/Red_Pepper"
      },
      {
        "name": "Turnip",
        "type": "Vegetables",
        "link": "/wiki/Turnip"
      },
      {
        "name": "Jicama",
        "type": "Vegetables",
        "link": "/wiki/Jicama"
      },
      {
        "name": "Agave",
        "type": "Vegetables",
        "link": "/wiki/Agave"
      },
      {
        "name": "Artichoke",
        "type": "Vegetables",
        "link": "/wiki/Artichoke"
      },
      {
        "name": "Asparagus",
        "type": "Vegetables",
        "link": "/wiki/Asparagus"
      },
      {
        "name": "Potato",
        "type": "Vegetables",
        "link": "/wiki/Potato"
      },
      {
        "name": "Garlic",
        "type": "Vegetables",
        "link": "/wiki/Garlic"
      },
      {
        "name": "Shallot",
        "type": "Vegetables",
        "link": "/wiki/Shallot"
      },
      {
        "name": "Beet",
        "type": "Vegetables",
        "link": "/wiki/Beet"
      },
      {
        "name": "Peas",
        "type": "Vegetables",
        "link": "/wiki/Peas"
      },
      {
        "name": "Beans",
        "type": "Vegetables",
        "link": "/wiki/Beans"
      },
      {
        "name": "Eggplant",
        "type": "Vegetables",
        "link": "/wiki/Eggplant"
      },
      {
        "name": "Soybean",
        "type": "Vegetables",
        "link": "/wiki/Soybean"
      },
      {
        "name": "Radish",
        "type": "Vegetables",
        "link": "/wiki/Radish"
      },
      {
        "name": "Cucumber",
        "type": "Vegetables",
        "link": "/wiki/Cucumber"
      }
    ],
    "Fruits": [
      {
        "name": "Melon",
        "type": "Fruits",
        "link": "/wiki/Melon"
      },
      {
        "name": "Pineapple",
        "type": "Fruits",
        "link": "/wiki/Pineapple"
      },
      {
        "name": "Kiwifruit",
        "type": "Fruits",
        "link": "/wiki/Kiwifruit"
      },
      {
        "name": "Watermelon",
        "type": "Fruits",
        "link": "/wiki/Watermelon"
      },
      {
        "name": "Strawberry",
        "type": "Fruits",
        "link": "/wiki/Strawberry"
      },
      {
        "name": "Physalis",
        "type": "Fruits",
        "link": "/wiki/Physalis"
      }
    ],
    "Grapes": [
      {
        "name": "Raspberry",
        "type": "Grapes",
        "link": "/wiki/Raspberry"
      },
      {
        "name": "Blackberry",
        "type": "Grapes",
        "link": "/wiki/Blackberry"
      },
      {
        "name": "Red Goji Berry",
        "type": "Grapes",
        "link": "/wiki/Red_Goji_Berry"
      },
      {
        "name": "Black Goji Berry",
        "type": "Grapes",
        "link": "/wiki/Black_Goji_Berry"
      },
      {
        "name": "Red Grape",
        "type": "Grapes",
        "link": "/wiki/Red_Grape"
      },
      {
        "name": "Blue Grape",
        "type": "Grapes",
        "link": "/wiki/Blue_Grape"
      },
      {
        "name": "Green Grape",
        "type": "Grapes",
        "link": "/wiki/Green_Grape"
      }
    ],
    "Nuts": [
      {
        "name": "Sunflower",
        "type": "Nuts",
        "link": "/wiki/Sunflower"
      },
      {
        "name": "Peanut",
        "type": "Nuts",
        "link": "/wiki/Peanut"
      }
    ],
    "Cereals": [
      {
        "name": "Barley",
        "type": "Cereals",
        "link": "/wiki/Barley"
      },
      {
        "name": "Wheat",
        "type": "Cereals",
        "link": "/wiki/Wheat"
      },
      {
        "name": "Rye",
        "type": "Cereals",
        "link": "/wiki/Rye"
      },
      {
        "name": "Corn",
        "type": "Cereals",
        "link": "/wiki/Corn"
      },
      {
        "name": "White Sorghum",
        "type": "Cereals",
        "link": "/wiki/White_Sorghum"
      },
      {
        "name": "Red Sorghum",
        "type": "Cereals",
        "link": "/wiki/Red_Sorghum"
      }
    ],
    "Mushrooms": [
      {
        "name": "Parasol Mushroom",
        "type": "Mushrooms",
        "link": "/wiki/Parasol_Mushroom"
      },
      {
        "name": "Shiitake",
        "type": "Mushrooms",
        "link": "/wiki/Shiitake"
      },
      {
        "name": "White Mushroom",
        "type": "Mushrooms",
        "link": "/wiki/White_Mushroom"
      },
      {
        "name": "Red Pine Mushroom",
        "type": "Mushrooms",
        "link": "/wiki/Red_Pine_Mushroom"
      }
    ],
    "Spice": [
      {
        "name": "Turmeric",
        "type": "Spice",
        "link": "/wiki/Turmeric"
      },
      {
        "name": "Black Peppercorn",
        "type": "Spice",
        "link": "/wiki/Black_Peppercorn"
      },
      {
        "name": "Pink Peppercorn",
        "type": "Spice",
        "link": "/wiki/Pink_Peppercorn"
      },
      {
        "name": "White Peppercorn",
        "type": "Spice",
        "link": "/wiki/White_Peppercorn"
      }
    ],
    "Fabric": [
      {
        "name": "Cotton",
        "type": "Fabric",
        "link": "/wiki/Cotton"
      }
    ],
    "DLC": [
      {
        "name": "Sugar Cane",
        "type": "DLC",
        "link": "/wiki/Sugar_Cane"
      },
      {
        "name": "Blackcurrant",
        "type": "DLC",
        "link": "/wiki/Blackcurrant"
      },
      {
        "name": "Redcurrant",
        "type": "DLC",
        "link": "/wiki/Redcurrant"
      },
      {
        "name": "Chive",
        "type": "DLC",
        "link": "/wiki/Chive"
      },
      {
        "name": "Chickpea",
        "type": "DLC",
        "link": "/wiki/Chickpea"
      },
      {
        "name": "Ginger",
        "type": "DLC",
        "link": "/wiki/Ginger"
      },
      {
        "name": "Chili",
        "type": "DLC",
        "link": "/wiki/Chili"
      },
      {
        "name": "Wasabi",
        "type": "DLC",
        "link": "/wiki/Wasabi"
      },
      {
        "name": "Celery",
        "type": "DLC",
        "link": "/wiki/Celery"
      },
      {
        "name": "Jalapeño Pepper",
        "type": "DLC",
        "link": "/wiki/Jalape%C3%B1o_Pepper"
      },
      {
        "name": "Habanero Pepper",
        "type": "DLC",
        "link": "/wiki/Habanero_Pepper"
      },
      {
        "name": "Oregano",
        "type": "DLC",
        "link": "/wiki/Oregano"
      }
    ],
    "Event": [
      {
        "name": "Easter Egg",
        "type": "Event",
        "link": "/wiki/Easter_Egg"
      },
      {
        "name": "Cursed Pumpkin",
        "type": "Event",
        "link": "/wiki/Cursed_Pumpkin"
      },
      {
        "name": "Candy Cane",
        "type": "Event",
        "link": "/wiki/Candy_Cane"
      },
      {
        "name": "Shooting Stars",
        "type": "Event",
        "link": "/wiki/Shooting_Stars"
      },
      {
        "name": "Cotton Candy",
        "type": "Event",
        "link": "/wiki/Cotton_Candy"
      },
      {
        "name": "Lucky Clover",
        "type": "Event",
        "link": "/wiki/Lucky_Clover"
      },
      {
        "name": "Flower Bouquets",
        "type": "Event",
        "link": "/wiki/Flower_Bouquets"
      },
      {
        "name": "Fireworks",
        "type": "Event",
        "link": "/wiki/Fireworks"
      },
      {
        "name": "Dinosaur Fossil",
        "type": "Event",
        "link": "/wiki/Dinosaur_Fossil"
      },
      {
        "name": "Toy Pinwheels",
        "type": "Event",
        "link": "/wiki/Toy_Pinwheels"
      },
      {
        "name": "Musical Root",
        "type": "Event",
        "link": "/wiki/Musical_Root"
      },
      {
        "name": "Magic Crystal",
        "type": "Event",
        "link": "/wiki/Magic_Crystal"
      },
      {
        "name": "Party Candles",
        "type": "Event",
        "link": "/wiki/Party_Candles"
      },
      {
        "name": "Fern",
        "type": "Event",
        "link": "/wiki/Fern"
      }
    ]
  }
}