{
  "url": "https://farmtogether.fandom.com/wiki/Flowers",
  "date": "2021-07-06T16:17:56.692Z",
  "title": "Flowers | Farm Together Wiki | Fandom",
  "data": {
    "Flowers": [
      {
        "name": "Ramanas Rose",
        "type": "Flowers",
        "link": "/wiki/Ramanas_Rose"
      },
      {
        "name": "Provence Rose",
        "type": "Flowers",
        "link": "/wiki/Provence_Rose"
      },
      {
        "name": "Damask Rose",
        "type": "Flowers",
        "link": "/wiki/Damask_Rose"
      },
      {
        "name": "Rose",
        "type": "Flowers",
        "link": "/wiki/Rose"
      },
      {
        "name": "Daisy",
        "type": "Flowers",
        "link": "/wiki/Daisy"
      },
      {
        "name": "Shasta Daisy",
        "type": "Flowers",
        "link": "/wiki/Shasta_Daisy"
      },
      {
        "name": "Marguerite Daisy",
        "type": "Flowers",
        "link": "/wiki/Marguerite_Daisy"
      },
      {
        "name": "Gerbera Daisy",
        "type": "Flowers",
        "link": "/wiki/Gerbera_Daisy"
      },
      {
        "name": "Yellow Hibiscus",
        "type": "Flowers",
        "link": "/wiki/Yellow_Hibiscus"
      },
      {
        "name": "Red Hibiscus",
        "type": "Flowers",
        "link": "/wiki/Red_Hibiscus"
      },
      {
        "name": "White Hibiscus",
        "type": "Flowers",
        "link": "/wiki/White_Hibiscus"
      },
      {
        "name": "Saffron Crocus",
        "type": "Flowers",
        "link": "/wiki/Saffron_Crocus"
      },
      {
        "name": "Blue Hydrangea",
        "type": "Flowers",
        "link": "/wiki/Blue_Hydrangea"
      },
      {
        "name": "Purple Hydrangea",
        "type": "Flowers",
        "link": "/wiki/Purple_Hydrangea"
      },
      {
        "name": "Annabelle Hydrangea",
        "type": "Flowers",
        "link": "/wiki/Annabelle_Hydrangea"
      },
      {
        "name": "Pink Hydrangea",
        "type": "Flowers",
        "link": "/wiki/Pink_Hydrangea"
      },
      {
        "name": "Hydrangea",
        "type": "Flowers",
        "link": "/wiki/Hydrangea"
      },
      {
        "name": "Poppy",
        "type": "Flowers",
        "link": "/wiki/Poppy"
      },
      {
        "name": "California Poppy",
        "type": "Flowers",
        "link": "/wiki/California_Poppy"
      },
      {
        "name": "Flax",
        "type": "Flowers",
        "link": "/wiki/Flax"
      },
      {
        "name": "White Daffodil",
        "type": "Flowers",
        "link": "/wiki/White_Daffodil"
      },
      {
        "name": "Yellow Daffodil",
        "type": "Flowers",
        "link": "/wiki/Yellow_Daffodil"
      },
      {
        "name": "Purple Daffodil",
        "type": "Flowers",
        "link": "/wiki/Purple_Daffodil"
      },
      {
        "name": "Pink Daffodil",
        "type": "Flowers",
        "link": "/wiki/Pink_Daffodil"
      },
      {
        "name": "Sevilla Tulip",
        "type": "Flowers",
        "link": "/wiki/Sevilla_Tulip"
      },
      {
        "name": "Strong Gold Tulip",
        "type": "Flowers",
        "link": "/wiki/Strong_Gold_Tulip"
      },
      {
        "name": "Fosteriana Tulip",
        "type": "Flowers",
        "link": "/wiki/Fosteriana_Tulip"
      },
      {
        "name": "China Pink Tulip",
        "type": "Flowers",
        "link": "/wiki/China_Pink_Tulip"
      },
      {
        "name": "Queen of Night Tulip",
        "type": "Flowers",
        "link": "/wiki/Queen_of_Night_Tulip"
      },
      {
        "name": "Lavender",
        "type": "Flowers",
        "link": "/wiki/Lavender"
      },
      {
        "name": "Oleander",
        "type": "Flowers",
        "link": "/wiki/Oleander"
      },
      {
        "name": "Rosemary",
        "type": "Flowers",
        "link": "/wiki/Rosemary"
      },
      {
        "name": "Blue Bellflower",
        "type": "Flowers",
        "link": "/wiki/Blue_Bellflower"
      },
      {
        "name": "White Bellflower",
        "type": "Flowers",
        "link": "/wiki/White_Bellflower"
      },
      {
        "name": "Red Bellflower",
        "type": "Flowers",
        "link": "/wiki/Red_Bellflower"
      },
      {
        "name": "Purple Bellflower",
        "type": "Flowers",
        "link": "/wiki/Purple_Bellflower"
      },
      {
        "name": "Pink Wisteria",
        "type": "Flowers",
        "link": "/wiki/Pink_Wisteria"
      },
      {
        "name": "Blue Wisteria",
        "type": "Flowers",
        "link": "/wiki/Blue_Wisteria"
      },
      {
        "name": "Yellow Wisteria",
        "type": "Flowers",
        "link": "/wiki/Yellow_Wisteria"
      },
      {
        "name": "Mustard",
        "type": "Flowers",
        "link": "/wiki/Mustard"
      },
      {
        "name": "Green Tea",
        "type": "Flowers",
        "link": "/wiki/Green_Tea"
      },
      {
        "name": "Red Tea",
        "type": "Flowers",
        "link": "/wiki/Red_Tea"
      },
      {
        "name": "Black Tea",
        "type": "Flowers",
        "link": "/wiki/Black_Tea"
      },
      {
        "name": "Venus Flytrap",
        "type": "Flowers",
        "link": "/wiki/Venus_Flytrap"
      },
      {
        "name": "Common Lilac",
        "type": "Flowers",
        "link": "/wiki/Common_Lilac"
      },
      {
        "name": "White Lilac",
        "type": "Flowers",
        "link": "/wiki/White_Lilac"
      },
      {
        "name": "Pink Lilac",
        "type": "Flowers",
        "link": "/wiki/Pink_Lilac"
      },
      {
        "name": "Jupiter's Beard",
        "type": "Flowers",
        "link": "/wiki/Jupiter%27s_Beard"
      },
      {
        "name": "Blue Orchid",
        "type": "Flowers",
        "link": "/wiki/Blue_Orchid"
      },
      {
        "name": "Yellow Orchid",
        "type": "Flowers",
        "link": "/wiki/Yellow_Orchid"
      },
      {
        "name": "Red Orchid",
        "type": "Flowers",
        "link": "/wiki/Red_Orchid"
      },
      {
        "name": "White Orchid",
        "type": "Flowers",
        "link": "/wiki/White_Orchid"
      }
    ],
    "DLCFlowers": [
      {
        "name": "Oregano",
        "type": "DLCFlowers",
        "link": "/wiki/Oregano"
      }
    ],
    "EventFlowers": [
      {
        "name": "Pink Foxglove",
        "type": "EventFlowers",
        "link": "/wiki/Pink_Foxglove"
      },
      {
        "name": "Purple Foxglove",
        "type": "EventFlowers",
        "link": "/wiki/Purple_Foxglove"
      },
      {
        "name": "Yellow Foxglove",
        "type": "EventFlowers",
        "link": "/wiki/Yellow_Foxglove"
      },
      {
        "name": "Dandelion",
        "type": "EventFlowers",
        "link": "/wiki/Dandelion"
      },
      {
        "name": "Edelweiss",
        "type": "EventFlowers",
        "link": "/wiki/Edelweiss"
      }
    ]
  }
}