{"url":"https://farmtogether.fandom.com/wiki/Ponds","date":"2021-07-06T16:16:02.832Z","title":"Ponds | Farm Together Wiki | Fandom","data":{"Pondoverview":[{"name":"Tropical Fish","type":"Pondoverview","link":"/wiki/Tropical_Fish"},{"name":"Eel","type":"Pondoverview","link":"/wiki/Eel"},{"name":"Angelfish","type":"Pondoverview","link":"/wiki/Angelfish"},{"name":"Trout","type":"Pondoverview","link":"/wiki/Trout"},{"name":"Salmon","type":"Pondoverview","link":"/wiki/Salmon"},{"name":"Muraena","type":"Pondoverview","link":"/wiki/Muraena"},{"name":"Koi Carp","type":"Pondoverview","link":"/wiki/Koi_Carp"},{"name":"Blowfish","type":"Pondoverview","link":"/wiki/Blowfish"},{"name":"Piranha","type":"Pondoverview","link":"/wiki/Piranha"},{"name":"Anglerfish","type":"Pondoverview","link":"/wiki/Anglerfish"},{"name":"Hammerhead Shark","type":"Pondoverview","link":"/wiki/Hammerhead_Shark"},{"name":"Red Scorpionfish","type":"Pondoverview","link":"/wiki/Red_Scorpionfish"},{"name":"Carp","type":"Pondoverview","link":"/wiki/Carp"},{"name":"Clownfish","type":"Pondoverview","link":"/wiki/Clownfish"},{"name":"Iridescent Shark","type":"Pondoverview","link":"/wiki/Iridescent_Shark"},{"name":"Clam","type":"Pondoverview","link":"/wiki/Clam"},{"name":"Snapper","type":"Pondoverview","link":"/wiki/Snapper"},{"name":"Swordfish","type":"Pondoverview","link":"/wiki/Swordfish"},{"name":"Blue Tang","type":"Pondoverview","link":"/wiki/Blue_Tang"},{"name":"Mussel","type":"Pondoverview","link":"/wiki/Mussel"},{"name":"Discus Fish","type":"Pondoverview","link":"/wiki/Discus_Fish"},{"name":"Sturgeon","type":"Pondoverview","link":"/wiki/Sturgeon"},{"name":"Oyster","type":"Pondoverview","link":"/wiki/Oyster"},{"name":"Red Snapper","type":"Pondoverview","link":"/wiki/Red_Snapper"},{"name":"Perch","type":"Pondoverview","link":"/wiki/Perch"},{"name":"Sea Bream","type":"Pondoverview","link":"/wiki/Sea_Bream"},{"name":"Red Sea Bream","type":"Pondoverview","link":"/wiki/Red_Sea_Bream"}],"DLCFish":[],"EventFish":[]}}