{"url":"https://farmtogether.fandom.com/wiki/Trees","date":"2021-07-06T16:15:54.152Z","title":"Trees | Farm Together Wiki | Fandom","data":{"Fruits":[{"name":"Apple Tree","type":"Fruits","link":"/wiki/Apple_Tree"},{"name":"Lemon Tree","type":"Fruits","link":"/wiki/Lemon_Tree"},{"name":"Pear Tree","type":"Fruits","link":"/wiki/Pear_Tree"},{"name":"Banana Tree","type":"Fruits","link":"/wiki/Banana_Tree"},{"name":"Peach Tree","type":"Fruits","link":"/wiki/Peach_Tree"},{"name":"Coconut Tree","type":"Fruits","link":"/wiki/Coconut_Tree"},{"name":"Orange Tree","type":"Fruits","link":"/wiki/Orange_Tree"},{"name":"Apricot Tree","type":"Fruits","link":"/wiki/Apricot_Tree"},{"name":"Cherry Tree","type":"Fruits","link":"/wiki/Cherry_Tree"},{"name":"Fig","type":"Fruits","link":"/wiki/Fig"},{"name":"Pomegranate Tree","type":"Fruits","link":"/wiki/Pomegranate_Tree"},{"name":"Lime Tree","type":"Fruits","link":"/wiki/Lime_Tree"},{"name":"Plum Tree","type":"Fruits","link":"/wiki/Plum_Tree"},{"name":"Mango","type":"Fruits","link":"/wiki/Mango"},{"name":"Nectarine Tree","type":"Fruits","link":"/wiki/Nectarine_Tree"},{"name":"Tamarind","type":"Fruits","link":"/wiki/Tamarind"},{"name":"Papaya","type":"Fruits","link":"/wiki/Papaya"},{"name":"Date Palm","type":"Fruits","link":"/wiki/Date_Palm"},{"name":"Quince","type":"Fruits","link":"/wiki/Quince"},{"name":"Durian","type":"Fruits","link":"/wiki/Durian_Tree"},{"name":"Lychee","type":"Fruits","link":"/wiki/Lychee"},{"name":"Tangerine Tree","type":"Fruits","link":"/wiki/Tangerine_Tree"},{"name":"Yuzu Tree","type":"Fruits","link":"/wiki/Yuzu_Tree"},{"name":"Starfruit Tree","type":"Fruits","link":"/wiki/Starfruit_Tree"},{"name":"Dragon Fruit Cactus","type":"Fruits","link":"/wiki/Dragon_Fruit_Cactus"}],"Nuts":[{"name":"Almond Tree","type":"Nuts","link":"/wiki/Almond_Tree"},{"name":"Cypress","type":"Nuts","link":"/wiki/Cypress"},{"name":"Walnut Tree","type":"Nuts","link":"/wiki/Walnut_Tree"},{"name":"Hazel Tree","type":"Nuts","link":"/wiki/Hazel_Tree"},{"name":"Pecan","type":"Nuts","link":"/wiki/Pecan"}],"Vegetables":[{"name":"Bamboo","type":"Vegetables","link":"/wiki/Bamboo"},{"name":"Cacao Tree","type":"Vegetables","link":"/wiki/Cacao_Tree"},{"name":"Olive Tree","type":"Vegetables","link":"/wiki/Olive_Tree"},{"name":"Coffea","type":"Vegetables","link":"/wiki/Coffea"},{"name":"Avocado","type":"Vegetables","link":"/wiki/Avocado"}],"Flowers":[{"name":"Cactus","type":"Flowers","link":"/wiki/Cactus"},{"name":"White Magnolia Tree","type":"Flowers","link":"/wiki/White_Magnolia_Tree"},{"name":"Pink Magnolia Tree","type":"Flowers","link":"/wiki/Pink_Magnolia_Tree"},{"name":"Yellow Magnolia Tree","type":"Flowers","link":"/wiki/Yellow_Magnolia_Tree"}],"Diamonds":[{"name":"Money Tree","type":"Diamonds","link":"/wiki/Money_Tree"},{"name":"Rubber Tree","type":"Diamonds","link":"/wiki/Rubber_Tree"}],"Spice":[{"name":"Clove Tree","type":"Spice","link":"/wiki/Clove_Tree"},{"name":"Cinnamon Tree","type":"Spice","link":"/wiki/Cinnamon_Tree"}],"Mushrooms":[{"name":"Withered Tree","type":"Mushrooms","link":"/wiki/Withered_Tree"}],"Fabric":[{"name":"Mulberry","type":"Fabric","link":"/wiki/Mulberry"}],"Cereals":[{"name":"Rice","type":"Cereals","link":"/wiki/Rice"}],"DLCTrees":[{"name":"Ginkgo Biloba","type":"DLCTrees","link":"/wiki/Ginkgo_Biloba"},{"name":"Passion Fruit Vine","type":"DLCTrees","link":"/wiki/Passion_Fruit_Vine"},{"name":"Laurel","type":"DLCTrees","link":"/wiki/Laurel"},{"name":"Mistletoe","type":"DLCTrees","link":"/wiki/Mistletoe"},{"name":"Carob Tree","type":"DLCTrees","link":"/wiki/Carob_Tree"},{"name":"Blackthorn","type":"DLCTrees","link":"/wiki/Blackthorn"},{"name":"Spore Palm Tree","type":"DLCTrees","link":"/wiki/Spore_Palm_Tree"},{"name":"Foxfire Tree","type":"DLCTrees","link":"/wiki/Foxfire_Tree"},{"name":"Persimmon","type":"DLCTrees","link":"/wiki/Persimmon"}],"EventTrees":[{"name":"Hollow Tree","type":"EventTrees","link":"/wiki/Hollow_Tree"},{"name":"Candy Tree","type":"EventTrees","link":"/wiki/Candy_Tree"},{"name":"Flowering Cherry Tree","type":"EventTrees","link":"/wiki/Flowering_Cherry_Tree"},{"name":"Pistachio Tree","type":"EventTrees","link":"/wiki/Pistachio_Tree"},{"name":"Chestnut Tree","type":"EventTrees","link":"/wiki/Chestnut_Tree"}]}}