{"url":"https://www.serebii.net/pokemon/gen8pokemon.shtml","date":"2021-08-25T18:13:37.627Z","title":"Pok�mon - Generation VIII Pok�mon","data":[{"id":"810","image":"/swordshield/pokemon/810.png","name":"Grookey","type":"grass","stats":{"hp":"50","atk":"65","def":"50","satk":"40","sdef":"40","spd":"65"}},{"id":"811","image":"/swordshield/pokemon/811.png","name":"Thwackey","type":"grass","stats":{"hp":"70","atk":"85","def":"70","satk":"55","sdef":"60","spd":"80"}},{"id":"812","image":"/swordshield/pokemon/812.png","name":"Rillaboom","type":"grass","stats":{"hp":"100","atk":"125","def":"90","satk":"60","sdef":"70","spd":"85"}},{"id":"813","image":"/swordshield/pokemon/813.png","name":"Scorbunny","type":"fire","stats":{"hp":"50","atk":"71","def":"40","satk":"40","sdef":"40","spd":"69"}},{"id":"814","image":"/swordshield/pokemon/814.png","name":"Raboot","type":"fire","stats":{"hp":"65","atk":"86","def":"60","satk":"55","sdef":"60","spd":"94"}},{"id":"815","image":"/swordshield/pokemon/815.png","name":"Cinderace","type":"fire","stats":{"hp":"80","atk":"116","def":"75","satk":"65","sdef":"75","spd":"119"}},{"id":"816","image":"/swordshield/pokemon/816.png","name":"Sobble","type":"water","stats":{"hp":"50","atk":"40","def":"40","satk":"70","sdef":"40","spd":"70"}},{"id":"817","image":"/swordshield/pokemon/817.png","name":"Drizzile","type":"water","stats":{"hp":"65","atk":"60","def":"55","satk":"95","sdef":"55","spd":"90"}},{"id":"818","image":"/swordshield/pokemon/818.png","name":"Inteleon","type":"water","stats":{"hp":"70","atk":"85","def":"65","satk":"125","sdef":"65","spd":"120"}},{"id":"819","image":"/swordshield/pokemon/819.png","name":"Skwovet","type":"normal","stats":{"hp":"70","atk":"55","def":"55","satk":"35","sdef":"35","spd":"25"}},{"id":"820","image":"/swordshield/pokemon/820.png","name":"Greedent","type":"normal","stats":{"hp":"120","atk":"95","def":"95","satk":"55","sdef":"75","spd":"20"}},{"id":"821","image":"/swordshield/pokemon/821.png","name":"Rookidee","type":"flying","stats":{"hp":"38","atk":"47","def":"35","satk":"33","sdef":"35","spd":"57"}},{"id":"822","image":"/swordshield/pokemon/822.png","name":"Corvisquire","type":"flying","stats":{"hp":"68","atk":"67","def":"55","satk":"43","sdef":"55","spd":"77"}},{"id":"823","image":"/swordshield/pokemon/823.png","name":"Corviknight","type":"flying,steel","stats":{"hp":"98","atk":"87","def":"105","satk":"53","sdef":"85","spd":"67"}},{"id":"824","image":"/swordshield/pokemon/824.png","name":"Blipbug","type":"bug","stats":{"hp":"25","atk":"20","def":"20","satk":"25","sdef":"45","spd":"45"}},{"id":"825","image":"/swordshield/pokemon/825.png","name":"Dottler","type":"bug,psychic","stats":{"hp":"50","atk":"35","def":"80","satk":"50","sdef":"90","spd":"30"}},{"id":"826","image":"/swordshield/pokemon/826.png","name":"Orbeetle","type":"bug,psychic","stats":{"hp":"60","atk":"45","def":"110","satk":"80","sdef":"120","spd":"90"}},{"id":"827","image":"/swordshield/pokemon/827.png","name":"Nickit","type":"dark","stats":{"hp":"40","atk":"28","def":"28","satk":"47","sdef":"52","spd":"50"}},{"id":"828","image":"/swordshield/pokemon/828.png","name":"Thievul","type":"dark","stats":{"hp":"70","atk":"58","def":"58","satk":"87","sdef":"92","spd":"90"}},{"id":"829","image":"/swordshield/pokemon/829.png","name":"Gossifleur","type":"grass","stats":{"hp":"40","atk":"40","def":"60","satk":"40","sdef":"60","spd":"10"}},{"id":"830","image":"/swordshield/pokemon/830.png","name":"Eldegoss","type":"grass","stats":{"hp":"60","atk":"50","def":"90","satk":"80","sdef":"120","spd":"60"}},{"id":"831","image":"/swordshield/pokemon/831.png","name":"Wooloo","type":"normal","stats":{"hp":"42","atk":"40","def":"55","satk":"40","sdef":"45","spd":"48"}},{"id":"832","image":"/swordshield/pokemon/832.png","name":"Dubwool","type":"normal","stats":{"hp":"72","atk":"80","def":"100","satk":"60","sdef":"90","spd":"88"}},{"id":"833","image":"/swordshield/pokemon/833.png","name":"Chewtle","type":"water","stats":{"hp":"50","atk":"64","def":"50","satk":"38","sdef":"38","spd":"44"}},{"id":"834","image":"/swordshield/pokemon/834.png","name":"Drednaw","type":"water,rock","stats":{"hp":"90","atk":"115","def":"90","satk":"48","sdef":"68","spd":"74"}},{"id":"835","image":"/swordshield/pokemon/835.png","name":"Yamper","type":"electric","stats":{"hp":"59","atk":"45","def":"50","satk":"40","sdef":"50","spd":"26"}},{"id":"836","image":"/swordshield/pokemon/836.png","name":"Boltund","type":"electric","stats":{"hp":"69","atk":"90","def":"60","satk":"90","sdef":"60","spd":"121"}},{"id":"837","image":"/swordshield/pokemon/837.png","name":"Rolycoly","type":"rock","stats":{"hp":"30","atk":"40","def":"50","satk":"40","sdef":"50","spd":"30"}},{"id":"838","image":"/swordshield/pokemon/838.png","name":"Carkol","type":"rock,fire","stats":{"hp":"80","atk":"60","def":"90","satk":"60","sdef":"70","spd":"50"}},{"id":"839","image":"/swordshield/pokemon/839.png","name":"Coalossal","type":"rock,fire","stats":{"hp":"110","atk":"80","def":"120","satk":"80","sdef":"90","spd":"30"}},{"id":"840","image":"/swordshield/pokemon/840.png","name":"Applin","type":"grass,dragon","stats":{"hp":"40","atk":"40","def":"80","satk":"40","sdef":"40","spd":"20"}},{"id":"841","image":"/swordshield/pokemon/841.png","name":"Flapple","type":"grass,dragon","stats":{"hp":"70","atk":"110","def":"80","satk":"95","sdef":"60","spd":"70"}},{"id":"842","image":"/swordshield/pokemon/842.png","name":"Appletun","type":"grass,dragon","stats":{"hp":"110","atk":"85","def":"80","satk":"100","sdef":"80","spd":"30"}},{"id":"843","image":"/swordshield/pokemon/843.png","name":"Silicobra","type":"ground","stats":{"hp":"52","atk":"57","def":"75","satk":"35","sdef":"50","spd":"46"}},{"id":"844","image":"/swordshield/pokemon/844.png","name":"Sandaconda","type":"ground","stats":{"hp":"72","atk":"107","def":"125","satk":"65","sdef":"70","spd":"71"}},{"id":"845","image":"/swordshield/pokemon/845.png","name":"Cramorant","type":"flying,water","stats":{"hp":"70","atk":"85","def":"55","satk":"85","sdef":"95","spd":"85"}},{"id":"846","image":"/swordshield/pokemon/846.png","name":"Arrokuda","type":"water","stats":{"hp":"41","atk":"63","def":"40","satk":"40","sdef":"30","spd":"66"}},{"id":"847","image":"/swordshield/pokemon/847.png","name":"Barraskewda","type":"water","stats":{"hp":"61","atk":"123","def":"60","satk":"60","sdef":"50","spd":"136"}},{"id":"848","image":"/swordshield/pokemon/848.png","name":"Toxel","type":"electric,poison","stats":{"hp":"40","atk":"38","def":"35","satk":"54","sdef":"35","spd":"40"}},{"id":"849","image":"/swordshield/pokemon/849.png","name":"Toxtricity","type":"electric,poison","stats":{"hp":"75","atk":"98","def":"70","satk":"114","sdef":"70","spd":"75"}},{"id":"850","image":"/swordshield/pokemon/850.png","name":"Sizzlipede","type":"fire,bug","stats":{"hp":"50","atk":"65","def":"45","satk":"50","sdef":"50","spd":"45"}},{"id":"851","image":"/swordshield/pokemon/851.png","name":"Centiskorch","type":"fire,bug","stats":{"hp":"100","atk":"115","def":"65","satk":"90","sdef":"90","spd":"65"}},{"id":"852","image":"/swordshield/pokemon/852.png","name":"Clobbopus","type":"fighting","stats":{"hp":"50","atk":"68","def":"60","satk":"50","sdef":"50","spd":"32"}},{"id":"853","image":"/swordshield/pokemon/853.png","name":"Grapploct","type":"fighting","stats":{"hp":"80","atk":"118","def":"90","satk":"70","sdef":"80","spd":"42"}},{"id":"854","image":"/swordshield/pokemon/854.png","name":"Sinistea","type":"ghost","stats":{"hp":"40","atk":"45","def":"45","satk":"74","sdef":"54","spd":"50"}},{"id":"855","image":"/swordshield/pokemon/855.png","name":"Polteageist","type":"ghost","stats":{"hp":"60","atk":"65","def":"65","satk":"134","sdef":"114","spd":"70"}},{"id":"856","image":"/swordshield/pokemon/856.png","name":"Hatenna","type":"psychic","stats":{"hp":"42","atk":"30","def":"45","satk":"56","sdef":"53","spd":"39"}},{"id":"857","image":"/swordshield/pokemon/857.png","name":"Hattrem","type":"psychic","stats":{"hp":"57","atk":"40","def":"65","satk":"86","sdef":"73","spd":"49"}},{"id":"858","image":"/swordshield/pokemon/858.png","name":"Hatterene","type":"psychic,fairy","stats":{"hp":"57","atk":"90","def":"95","satk":"136","sdef":"103","spd":"29"}},{"id":"859","image":"/swordshield/pokemon/859.png","name":"Impidimp","type":"dark,fairy","stats":{"hp":"45","atk":"45","def":"30","satk":"55","sdef":"40","spd":"50"}},{"id":"860","image":"/swordshield/pokemon/860.png","name":"Morgrem","type":"dark,fairy","stats":{"hp":"65","atk":"60","def":"45","satk":"75","sdef":"55","spd":"70"}},{"id":"861","image":"/swordshield/pokemon/861.png","name":"Grimmsnarl","type":"dark,fairy","stats":{"hp":"95","atk":"120","def":"65","satk":"95","sdef":"75","spd":"60"}},{"id":"862","image":"/swordshield/pokemon/862.png","name":"Obstagoon","type":"dark,normal","stats":{"hp":"93","atk":"90","def":"101","satk":"60","sdef":"81","spd":"95"}},{"id":"863","image":"/swordshield/pokemon/863.png","name":"Perrserker","type":"steel","stats":{"hp":"70","atk":"110","def":"100","satk":"50","sdef":"60","spd":"50"}},{"id":"864","image":"/swordshield/pokemon/864.png","name":"Cursola","type":"ghost","stats":{"hp":"60","atk":"95","def":"50","satk":"145","sdef":"130","spd":"30"}},{"id":"865","image":"/swordshield/pokemon/865.png","name":"Sirfetch'd","type":"fighting","stats":{"hp":"62","atk":"135","def":"95","satk":"68","sdef":"82","spd":"65"}},{"id":"866","image":"/swordshield/pokemon/866.png","name":"Mr. Rime","type":"ice,psychic","stats":{"hp":"80","atk":"85","def":"75","satk":"110","sdef":"100","spd":"70"}},{"id":"867","image":"/swordshield/pokemon/867.png","name":"Runerigus","type":"ground,ghost","stats":{"hp":"58","atk":"95","def":"145","satk":"50","sdef":"105","spd":"30"}},{"id":"868","image":"/swordshield/pokemon/868.png","name":"Milcery","type":"fairy","stats":{"hp":"45","atk":"40","def":"40","satk":"50","sdef":"61","spd":"34"}},{"id":"869","image":"/swordshield/pokemon/869.png","name":"Alcremie","type":"fairy","stats":{"hp":"65","atk":"60","def":"75","satk":"110","sdef":"121","spd":"64"}},{"id":"870","image":"/swordshield/pokemon/870.png","name":"Falinks","type":"fighting","stats":{"hp":"65","atk":"100","def":"100","satk":"70","sdef":"60","spd":"75"}},{"id":"871","image":"/swordshield/pokemon/871.png","name":"Pincurchin","type":"electric","stats":{"hp":"48","atk":"101","def":"95","satk":"91","sdef":"85","spd":"15"}},{"id":"872","image":"/swordshield/pokemon/872.png","name":"Snom","type":"ice,bug","stats":{"hp":"30","atk":"25","def":"35","satk":"45","sdef":"30","spd":"20"}},{"id":"873","image":"/swordshield/pokemon/873.png","name":"Frosmoth","type":"ice,bug","stats":{"hp":"70","atk":"65","def":"60","satk":"125","sdef":"90","spd":"65"}},{"id":"874","image":"/swordshield/pokemon/874.png","name":"Stonjourner","type":"rock","stats":{"hp":"100","atk":"125","def":"135","satk":"20","sdef":"20","spd":"70"}},{"id":"875","image":"/swordshield/pokemon/875.png","name":"Eiscue","type":"ice","stats":{"hp":"75","atk":"80","def":"110","satk":"65","sdef":"90","spd":"50"}},{"id":"876","image":"/swordshield/pokemon/876.png","name":"Indeedee","type":"psychic,normal","stats":{"hp":"60","atk":"65","def":"55","satk":"105","sdef":"95","spd":"95"}},{"id":"877","image":"/swordshield/pokemon/877.png","name":"Morpeko","type":"electric,dark","stats":{"hp":"58","atk":"95","def":"58","satk":"70","sdef":"58","spd":"97"}},{"id":"878","image":"/swordshield/pokemon/878.png","name":"Cufant","type":"steel","stats":{"hp":"72","atk":"80","def":"49","satk":"40","sdef":"49","spd":"40"}},{"id":"879","image":"/swordshield/pokemon/879.png","name":"Copperajah","type":"steel","stats":{"hp":"122","atk":"130","def":"69","satk":"80","sdef":"69","spd":"30"}},{"id":"880","image":"/swordshield/pokemon/880.png","name":"Dracozolt","type":"electric,dragon","stats":{"hp":"90","atk":"100","def":"90","satk":"80","sdef":"70","spd":"75"}},{"id":"881","image":"/swordshield/pokemon/881.png","name":"Arctozolt","type":"electric,ice","stats":{"hp":"90","atk":"100","def":"90","satk":"90","sdef":"80","spd":"55"}},{"id":"882","image":"/swordshield/pokemon/882.png","name":"Dracovish","type":"water,dragon","stats":{"hp":"90","atk":"90","def":"100","satk":"70","sdef":"80","spd":"75"}},{"id":"883","image":"/swordshield/pokemon/883.png","name":"Arctovish","type":"water,ice","stats":{"hp":"90","atk":"90","def":"100","satk":"80","sdef":"90","spd":"55"}},{"id":"884","image":"/swordshield/pokemon/884.png","name":"Duraludon","type":"steel,dragon","stats":{"hp":"70","atk":"95","def":"115","satk":"120","sdef":"50","spd":"85"}},{"id":"885","image":"/swordshield/pokemon/885.png","name":"Dreepy","type":"dragon,ghost","stats":{"hp":"28","atk":"60","def":"30","satk":"40","sdef":"30","spd":"82"}},{"id":"886","image":"/swordshield/pokemon/886.png","name":"Drakloak","type":"dragon,ghost","stats":{"hp":"68","atk":"80","def":"50","satk":"60","sdef":"50","spd":"102"}},{"id":"887","image":"/swordshield/pokemon/887.png","name":"Dragapult","type":"dragon,ghost","stats":{"hp":"88","atk":"120","def":"75","satk":"100","sdef":"75","spd":"142"}},{"id":"888","image":"/swordshield/pokemon/888.png","name":"Zacian","type":"fairy","stats":{"hp":"92","atk":"130","def":"115","satk":"80","sdef":"115","spd":"138"}},{"id":"889","image":"/swordshield/pokemon/889.png","name":"Zamazenta","type":"fighting","stats":{"hp":"92","atk":"130","def":"115","satk":"80","sdef":"115","spd":"138"}},{"id":"890","image":"/swordshield/pokemon/890.png","name":"Eternatus","type":"poison,dragon","stats":{"hp":"140","atk":"85","def":"95","satk":"145","sdef":"95","spd":"130"}},{"id":"891","image":"/swordshield/pokemon/891.png","name":"Kubfu","type":"fighting","stats":{"hp":"60","atk":"90","def":"60","satk":"53","sdef":"50","spd":"72"}},{"id":"892","image":"/swordshield/pokemon/892.png","name":"Urshifu","type":"fighting,dark","stats":{"hp":"100","atk":"130","def":"100","satk":"63","sdef":"60","spd":"97"}},{"id":"893","image":"/swordshield/pokemon/893.png","name":"Zarude","type":"dark,grass","stats":{"hp":"105","atk":"120","def":"105","satk":"70","sdef":"95","spd":"105"}},{"id":"894","image":"/swordshield/pokemon/894.png","name":"Regieleki","type":"electric","stats":{"hp":"80","atk":"100","def":"50","satk":"100","sdef":"50","spd":"200"}},{"id":"895","image":"/swordshield/pokemon/895.png","name":"Regidrago","type":"dragon","stats":{"hp":"200","atk":"100","def":"50","satk":"100","sdef":"50","spd":"80"}},{"id":"896","image":"/swordshield/pokemon/896.png","name":"Glastrier","type":"ice","stats":{"hp":"100","atk":"145","def":"130","satk":"65","sdef":"110","spd":"30"}},{"id":"897","image":"/swordshield/pokemon/897.png","name":"Spectrier","type":"ghost","stats":{"hp":"100","atk":"65","def":"60","satk":"145","sdef":"80","spd":"130"}},{"id":"898","image":"/swordshield/pokemon/898.png","name":"Calyrex","type":"psychic,grass","stats":{"hp":"100","atk":"80","def":"80","satk":"80","sdef":"80","spd":"80"}}]}