{"url":"https://www.serebii.net/pokemon/gen5pokemon.shtml","date":"2021-08-25T17:58:59.931Z","title":"Pok�mon - Generation V Pok�mon","data":[{"id":"494","image":"/swordshield/pokemon/494.png","name":"Victini","type":"psychic,fire","stats":{"hp":"100","atk":"100","def":"100","satk":"100","sdef":"100","spd":"100"}},{"id":"495","image":"/swordshield/pokemon/495.png","name":"Snivy","type":"grass","stats":{"hp":"45","atk":"45","def":"55","satk":"45","sdef":"55","spd":"63"}},{"id":"496","image":"/swordshield/pokemon/496.png","name":"Servine","type":"grass","stats":{"hp":"60","atk":"60","def":"75","satk":"60","sdef":"75","spd":"83"}},{"id":"497","image":"/swordshield/pokemon/497.png","name":"Serperior","type":"grass","stats":{"hp":"75","atk":"75","def":"95","satk":"75","sdef":"95","spd":"113"}},{"id":"498","image":"/swordshield/pokemon/498.png","name":"Tepig","type":"fire","stats":{"hp":"65","atk":"63","def":"45","satk":"45","sdef":"45","spd":"45"}},{"id":"499","image":"/swordshield/pokemon/499.png","name":"Pignite","type":"fire,fighting","stats":{"hp":"90","atk":"93","def":"55","satk":"70","sdef":"55","spd":"55"}},{"id":"500","image":"/swordshield/pokemon/500.png","name":"Emboar","type":"fire,fighting","stats":{"hp":"110","atk":"123","def":"65","satk":"100","sdef":"65","spd":"65"}},{"id":"501","image":"/swordshield/pokemon/501.png","name":"Oshawott","type":"water","stats":{"hp":"55","atk":"55","def":"45","satk":"63","sdef":"45","spd":"45"}},{"id":"502","image":"/swordshield/pokemon/502.png","name":"Dewott","type":"water","stats":{"hp":"75","atk":"75","def":"60","satk":"83","sdef":"60","spd":"60"}},{"id":"503","image":"/swordshield/pokemon/503.png","name":"Samurott","type":"water","stats":{"hp":"95","atk":"100","def":"85","satk":"108","sdef":"70","spd":"70"}},{"id":"504","image":"/swordshield/pokemon/504.png","name":"Patrat","type":"normal","stats":{"hp":"45","atk":"55","def":"39","satk":"35","sdef":"39","spd":"42"}},{"id":"505","image":"/swordshield/pokemon/505.png","name":"Watchog","type":"normal","stats":{"hp":"60","atk":"85","def":"69","satk":"60","sdef":"69","spd":"77"}},{"id":"506","image":"/swordshield/pokemon/506.png","name":"Lillipup","type":"normal","stats":{"hp":"45","atk":"60","def":"45","satk":"25","sdef":"45","spd":"55"}},{"id":"507","image":"/swordshield/pokemon/507.png","name":"Herdier","type":"normal","stats":{"hp":"65","atk":"80","def":"65","satk":"35","sdef":"65","spd":"60"}},{"id":"508","image":"/swordshield/pokemon/508.png","name":"Stoutland","type":"normal","stats":{"hp":"85","atk":"110","def":"90","satk":"45","sdef":"90","spd":"80"}},{"id":"509","image":"/swordshield/pokemon/509.png","name":"Purrloin","type":"dark","stats":{"hp":"41","atk":"50","def":"37","satk":"50","sdef":"37","spd":"66"}},{"id":"510","image":"/swordshield/pokemon/510.png","name":"Liepard","type":"dark","stats":{"hp":"64","atk":"88","def":"50","satk":"88","sdef":"50","spd":"106"}},{"id":"511","image":"/swordshield/pokemon/511.png","name":"Pansage","type":"grass","stats":{"hp":"50","atk":"53","def":"48","satk":"53","sdef":"48","spd":"64"}},{"id":"512","image":"/swordshield/pokemon/512.png","name":"Simisage","type":"grass","stats":{"hp":"75","atk":"98","def":"63","satk":"98","sdef":"63","spd":"101"}},{"id":"513","image":"/swordshield/pokemon/513.png","name":"Pansear","type":"fire","stats":{"hp":"50","atk":"53","def":"48","satk":"53","sdef":"48","spd":"64"}},{"id":"514","image":"/swordshield/pokemon/514.png","name":"Simisear","type":"fire","stats":{"hp":"75","atk":"98","def":"63","satk":"98","sdef":"63","spd":"101"}},{"id":"515","image":"/swordshield/pokemon/515.png","name":"Panpour","type":"water","stats":{"hp":"50","atk":"53","def":"48","satk":"53","sdef":"48","spd":"64"}},{"id":"516","image":"/swordshield/pokemon/516.png","name":"Simipour","type":"water","stats":{"hp":"75","atk":"98","def":"63","satk":"98","sdef":"63","spd":"101"}},{"id":"517","image":"/swordshield/pokemon/517.png","name":"Munna","type":"psychic","stats":{"hp":"76","atk":"25","def":"45","satk":"67","sdef":"55","spd":"24"}},{"id":"518","image":"/swordshield/pokemon/518.png","name":"Musharna","type":"psychic","stats":{"hp":"116","atk":"55","def":"85","satk":"107","sdef":"95","spd":"29"}},{"id":"519","image":"/swordshield/pokemon/519.png","name":"Pidove","type":"normal,flying","stats":{"hp":"50","atk":"55","def":"50","satk":"36","sdef":"30","spd":"43"}},{"id":"520","image":"/swordshield/pokemon/520.png","name":"Tranquill","type":"normal,flying","stats":{"hp":"62","atk":"77","def":"62","satk":"50","sdef":"42","spd":"65"}},{"id":"521","image":"/swordshield/pokemon/521.png","name":"Unfezant","type":"normal,flying","stats":{"hp":"80","atk":"115","def":"80","satk":"65","sdef":"55","spd":"93"}},{"id":"522","image":"/swordshield/pokemon/522.png","name":"Blitzle","type":"electric","stats":{"hp":"45","atk":"60","def":"32","satk":"50","sdef":"32","spd":"76"}},{"id":"523","image":"/swordshield/pokemon/523.png","name":"Zebstrika","type":"electric","stats":{"hp":"75","atk":"100","def":"63","satk":"80","sdef":"63","spd":"116"}},{"id":"524","image":"/swordshield/pokemon/524.png","name":"Roggenrola","type":"rock","stats":{"hp":"55","atk":"75","def":"85","satk":"25","sdef":"25","spd":"15"}},{"id":"525","image":"/swordshield/pokemon/525.png","name":"Boldore","type":"rock","stats":{"hp":"70","atk":"105","def":"105","satk":"50","sdef":"40","spd":"20"}},{"id":"526","image":"/swordshield/pokemon/526.png","name":"Gigalith","type":"rock","stats":{"hp":"85","atk":"135","def":"130","satk":"60","sdef":"80","spd":"25"}},{"id":"527","image":"/swordshield/pokemon/527.png","name":"Woobat","type":"psychic,flying","stats":{"hp":"65","atk":"45","def":"43","satk":"55","sdef":"43","spd":"72"}},{"id":"528","image":"/swordshield/pokemon/528.png","name":"Swoobat","type":"psychic,flying","stats":{"hp":"67","atk":"57","def":"55","satk":"77","sdef":"55","spd":"114"}},{"id":"529","image":"/swordshield/pokemon/529.png","name":"Drilbur","type":"ground","stats":{"hp":"60","atk":"85","def":"40","satk":"30","sdef":"45","spd":"68"}},{"id":"530","image":"/swordshield/pokemon/530.png","name":"Excadrill","type":"ground,steel","stats":{"hp":"110","atk":"135","def":"60","satk":"50","sdef":"65","spd":"88"}},{"id":"531","image":"/swordshield/pokemon/531.png","name":"Audino","type":"normal","stats":{"hp":"103","atk":"60","def":"86","satk":"60","sdef":"86","spd":"50"}},{"id":"532","image":"/swordshield/pokemon/532.png","name":"Timburr","type":"fighting","stats":{"hp":"75","atk":"80","def":"55","satk":"25","sdef":"35","spd":"35"}},{"id":"533","image":"/swordshield/pokemon/533.png","name":"Gurdurr","type":"fighting","stats":{"hp":"85","atk":"105","def":"85","satk":"40","sdef":"50","spd":"40"}},{"id":"534","image":"/swordshield/pokemon/534.png","name":"Conkeldurr","type":"fighting","stats":{"hp":"105","atk":"140","def":"95","satk":"55","sdef":"65","spd":"45"}},{"id":"535","image":"/swordshield/pokemon/535.png","name":"Tympole","type":"water","stats":{"hp":"50","atk":"50","def":"40","satk":"50","sdef":"40","spd":"64"}},{"id":"536","image":"/swordshield/pokemon/536.png","name":"Palpitoad","type":"water,ground","stats":{"hp":"75","atk":"65","def":"55","satk":"65","sdef":"55","spd":"69"}},{"id":"537","image":"/swordshield/pokemon/537.png","name":"Seismitoad","type":"water,ground","stats":{"hp":"105","atk":"95","def":"75","satk":"85","sdef":"75","spd":"74"}},{"id":"538","image":"/swordshield/pokemon/538.png","name":"Throh","type":"fighting","stats":{"hp":"120","atk":"100","def":"85","satk":"30","sdef":"85","spd":"45"}},{"id":"539","image":"/swordshield/pokemon/539.png","name":"Sawk","type":"fighting","stats":{"hp":"75","atk":"125","def":"75","satk":"30","sdef":"75","spd":"85"}},{"id":"540","image":"/swordshield/pokemon/540.png","name":"Sewaddle","type":"bug,grass","stats":{"hp":"45","atk":"53","def":"70","satk":"40","sdef":"60","spd":"42"}},{"id":"541","image":"/swordshield/pokemon/541.png","name":"Swadloon","type":"bug,grass","stats":{"hp":"55","atk":"63","def":"90","satk":"50","sdef":"80","spd":"42"}},{"id":"542","image":"/swordshield/pokemon/542.png","name":"Leavanny","type":"bug,grass","stats":{"hp":"75","atk":"103","def":"80","satk":"70","sdef":"80","spd":"92"}},{"id":"543","image":"/swordshield/pokemon/543.png","name":"Venipede","type":"bug,poison","stats":{"hp":"30","atk":"45","def":"59","satk":"30","sdef":"39","spd":"57"}},{"id":"544","image":"/swordshield/pokemon/544.png","name":"Whirlipede","type":"bug,poison","stats":{"hp":"40","atk":"55","def":"99","satk":"40","sdef":"79","spd":"47"}},{"id":"545","image":"/swordshield/pokemon/545.png","name":"Scolipede","type":"bug,poison","stats":{"hp":"60","atk":"100","def":"89","satk":"55","sdef":"69","spd":"112"}},{"id":"546","image":"/swordshield/pokemon/546.png","name":"Cottonee","type":"grass,fairy","stats":{"hp":"40","atk":"27","def":"60","satk":"37","sdef":"50","spd":"66"}},{"id":"547","image":"/swordshield/pokemon/547.png","name":"Whimsicott","type":"grass,fairy","stats":{"hp":"60","atk":"67","def":"85","satk":"77","sdef":"75","spd":"116"}},{"id":"548","image":"/swordshield/pokemon/548.png","name":"Petilil","type":"grass","stats":{"hp":"45","atk":"35","def":"50","satk":"70","sdef":"50","spd":"30"}},{"id":"549","image":"/swordshield/pokemon/549.png","name":"Lilligant","type":"grass","stats":{"hp":"70","atk":"60","def":"75","satk":"110","sdef":"75","spd":"90"}},{"id":"550","image":"/swordshield/pokemon/550.png","name":"Basculin","type":"water","stats":{"hp":"70","atk":"92","def":"65","satk":"80","sdef":"55","spd":"98"}},{"id":"551","image":"/swordshield/pokemon/551.png","name":"Sandile","type":"ground,dark","stats":{"hp":"50","atk":"72","def":"35","satk":"35","sdef":"35","spd":"65"}},{"id":"552","image":"/swordshield/pokemon/552.png","name":"Krokorok","type":"ground,dark","stats":{"hp":"60","atk":"82","def":"45","satk":"45","sdef":"45","spd":"74"}},{"id":"553","image":"/swordshield/pokemon/553.png","name":"Krookodile","type":"ground,dark","stats":{"hp":"95","atk":"117","def":"80","satk":"65","sdef":"70","spd":"92"}},{"id":"554","image":"/swordshield/pokemon/554.png","name":"Darumaka","type":"fire","stats":{"hp":"70","atk":"90","def":"45","satk":"15","sdef":"45","spd":"50"}},{"id":"555","image":"/swordshield/pokemon/555.png","name":"Darmanitan","type":"fire","stats":{"hp":"105","atk":"140","def":"55","satk":"30","sdef":"55","spd":"95"}},{"id":"556","image":"/swordshield/pokemon/556.png","name":"Maractus","type":"grass","stats":{"hp":"75","atk":"86","def":"67","satk":"106","sdef":"67","spd":"60"}},{"id":"557","image":"/swordshield/pokemon/557.png","name":"Dwebble","type":"bug,rock","stats":{"hp":"50","atk":"65","def":"85","satk":"35","sdef":"35","spd":"55"}},{"id":"558","image":"/swordshield/pokemon/558.png","name":"Crustle","type":"bug,rock","stats":{"hp":"70","atk":"105","def":"125","satk":"65","sdef":"75","spd":"45"}},{"id":"559","image":"/swordshield/pokemon/559.png","name":"Scraggy","type":"dark,fighting","stats":{"hp":"50","atk":"75","def":"70","satk":"35","sdef":"70","spd":"48"}},{"id":"560","image":"/swordshield/pokemon/560.png","name":"Scrafty","type":"dark,fighting","stats":{"hp":"65","atk":"90","def":"115","satk":"45","sdef":"115","spd":"58"}},{"id":"561","image":"/swordshield/pokemon/561.png","name":"Sigilyph","type":"psychic,flying","stats":{"hp":"72","atk":"58","def":"80","satk":"103","sdef":"80","spd":"97"}},{"id":"562","image":"/swordshield/pokemon/562.png","name":"Yamask","type":"ghost","stats":{"hp":"38","atk":"30","def":"85","satk":"55","sdef":"65","spd":"30"}},{"id":"563","image":"/swordshield/pokemon/563.png","name":"Cofagrigus","type":"ghost","stats":{"hp":"58","atk":"50","def":"145","satk":"95","sdef":"105","spd":"30"}},{"id":"564","image":"/swordshield/pokemon/564.png","name":"Tirtouga","type":"water,rock","stats":{"hp":"54","atk":"78","def":"103","satk":"53","sdef":"45","spd":"22"}},{"id":"565","image":"/swordshield/pokemon/565.png","name":"Carracosta","type":"water,rock","stats":{"hp":"74","atk":"108","def":"133","satk":"83","sdef":"65","spd":"32"}},{"id":"566","image":"/swordshield/pokemon/566.png","name":"Archen","type":"rock,flying","stats":{"hp":"55","atk":"112","def":"45","satk":"74","sdef":"45","spd":"70"}},{"id":"567","image":"/swordshield/pokemon/567.png","name":"Archeops","type":"rock,flying","stats":{"hp":"75","atk":"140","def":"65","satk":"112","sdef":"65","spd":"110"}},{"id":"568","image":"/swordshield/pokemon/568.png","name":"Trubbish","type":"poison","stats":{"hp":"50","atk":"50","def":"62","satk":"40","sdef":"62","spd":"65"}},{"id":"569","image":"/swordshield/pokemon/569.png","name":"Garbodor","type":"poison","stats":{"hp":"80","atk":"95","def":"82","satk":"60","sdef":"82","spd":"75"}},{"id":"570","image":"/swordshield/pokemon/570.png","name":"Zorua","type":"dark","stats":{"hp":"40","atk":"65","def":"40","satk":"80","sdef":"40","spd":"65"}},{"id":"571","image":"/swordshield/pokemon/571.png","name":"Zoroark","type":"dark","stats":{"hp":"60","atk":"105","def":"60","satk":"120","sdef":"60","spd":"105"}},{"id":"572","image":"/swordshield/pokemon/572.png","name":"Minccino","type":"normal","stats":{"hp":"55","atk":"50","def":"40","satk":"40","sdef":"40","spd":"75"}},{"id":"573","image":"/swordshield/pokemon/573.png","name":"Cinccino","type":"normal","stats":{"hp":"75","atk":"95","def":"60","satk":"65","sdef":"60","spd":"115"}},{"id":"574","image":"/swordshield/pokemon/574.png","name":"Gothita","type":"psychic","stats":{"hp":"45","atk":"30","def":"50","satk":"55","sdef":"65","spd":"45"}},{"id":"575","image":"/swordshield/pokemon/575.png","name":"Gothorita","type":"psychic","stats":{"hp":"60","atk":"45","def":"70","satk":"75","sdef":"85","spd":"55"}},{"id":"576","image":"/swordshield/pokemon/576.png","name":"Gothitelle","type":"psychic","stats":{"hp":"70","atk":"55","def":"95","satk":"95","sdef":"110","spd":"65"}},{"id":"577","image":"/swordshield/pokemon/577.png","name":"Solosis","type":"psychic","stats":{"hp":"45","atk":"30","def":"40","satk":"105","sdef":"50","spd":"20"}},{"id":"578","image":"/swordshield/pokemon/578.png","name":"Duosion","type":"psychic","stats":{"hp":"65","atk":"40","def":"50","satk":"125","sdef":"60","spd":"30"}},{"id":"579","image":"/swordshield/pokemon/579.png","name":"Reuniclus","type":"psychic","stats":{"hp":"110","atk":"65","def":"75","satk":"125","sdef":"85","spd":"30"}},{"id":"580","image":"/swordshield/pokemon/580.png","name":"Ducklett","type":"water,flying","stats":{"hp":"62","atk":"44","def":"50","satk":"44","sdef":"50","spd":"55"}},{"id":"581","image":"/swordshield/pokemon/581.png","name":"Swanna","type":"water,flying","stats":{"hp":"75","atk":"87","def":"63","satk":"87","sdef":"63","spd":"98"}},{"id":"582","image":"/swordshield/pokemon/582.png","name":"Vanillite","type":"ice","stats":{"hp":"36","atk":"50","def":"50","satk":"65","sdef":"60","spd":"44"}},{"id":"583","image":"/swordshield/pokemon/583.png","name":"Vanillish","type":"ice","stats":{"hp":"51","atk":"65","def":"65","satk":"80","sdef":"75","spd":"59"}},{"id":"584","image":"/swordshield/pokemon/584.png","name":"Vanilluxe","type":"ice","stats":{"hp":"71","atk":"95","def":"85","satk":"110","sdef":"95","spd":"79"}},{"id":"585","image":"/swordshield/pokemon/585.png","name":"Deerling","type":"normal,grass","stats":{"hp":"60","atk":"60","def":"50","satk":"40","sdef":"50","spd":"75"}},{"id":"586","image":"/swordshield/pokemon/586.png","name":"Sawsbuck","type":"normal,grass","stats":{"hp":"80","atk":"100","def":"70","satk":"60","sdef":"70","spd":"95"}},{"id":"587","image":"/swordshield/pokemon/587.png","name":"Emolga","type":"electric,flying","stats":{"hp":"55","atk":"75","def":"60","satk":"75","sdef":"60","spd":"103"}},{"id":"588","image":"/swordshield/pokemon/588.png","name":"Karrablast","type":"bug","stats":{"hp":"50","atk":"75","def":"45","satk":"40","sdef":"45","spd":"60"}},{"id":"589","image":"/swordshield/pokemon/589.png","name":"Escavalier","type":"bug,steel","stats":{"hp":"70","atk":"135","def":"105","satk":"60","sdef":"105","spd":"20"}},{"id":"590","image":"/swordshield/pokemon/590.png","name":"Foongus","type":"grass,poison","stats":{"hp":"69","atk":"55","def":"45","satk":"55","sdef":"55","spd":"15"}},{"id":"591","image":"/swordshield/pokemon/591.png","name":"Amoonguss","type":"grass,poison","stats":{"hp":"114","atk":"85","def":"70","satk":"85","sdef":"80","spd":"30"}},{"id":"592","image":"/swordshield/pokemon/592.png","name":"Frillish","type":"water,ghost","stats":{"hp":"55","atk":"40","def":"50","satk":"65","sdef":"85","spd":"40"}},{"id":"593","image":"/swordshield/pokemon/593.png","name":"Jellicent","type":"water,ghost","stats":{"hp":"100","atk":"60","def":"70","satk":"85","sdef":"105","spd":"60"}},{"id":"594","image":"/swordshield/pokemon/594.png","name":"Alomomola","type":"water","stats":{"hp":"165","atk":"75","def":"80","satk":"40","sdef":"45","spd":"65"}},{"id":"595","image":"/swordshield/pokemon/595.png","name":"Joltik","type":"bug,electric","stats":{"hp":"50","atk":"47","def":"50","satk":"57","sdef":"50","spd":"65"}},{"id":"596","image":"/swordshield/pokemon/596.png","name":"Galvantula","type":"bug,electric","stats":{"hp":"70","atk":"77","def":"60","satk":"97","sdef":"60","spd":"108"}},{"id":"597","image":"/swordshield/pokemon/597.png","name":"Ferroseed","type":"grass,steel","stats":{"hp":"44","atk":"50","def":"91","satk":"24","sdef":"86","spd":"10"}},{"id":"598","image":"/swordshield/pokemon/598.png","name":"Ferrothorn","type":"grass,steel","stats":{"hp":"74","atk":"94","def":"131","satk":"54","sdef":"116","spd":"20"}},{"id":"599","image":"/swordshield/pokemon/599.png","name":"Klink","type":"steel","stats":{"hp":"40","atk":"55","def":"70","satk":"45","sdef":"60","spd":"30"}},{"id":"600","image":"/swordshield/pokemon/600.png","name":"Klang","type":"steel","stats":{"hp":"60","atk":"80","def":"95","satk":"70","sdef":"85","spd":"50"}},{"id":"601","image":"/swordshield/pokemon/601.png","name":"Klinklang","type":"steel","stats":{"hp":"60","atk":"100","def":"115","satk":"70","sdef":"85","spd":"90"}},{"id":"602","image":"/swordshield/pokemon/602.png","name":"Tynamo","type":"electric","stats":{"hp":"35","atk":"55","def":"40","satk":"45","sdef":"40","spd":"60"}},{"id":"603","image":"/swordshield/pokemon/603.png","name":"Eelektrik","type":"electric","stats":{"hp":"65","atk":"85","def":"70","satk":"75","sdef":"70","spd":"40"}},{"id":"604","image":"/swordshield/pokemon/604.png","name":"Eelektross","type":"electric","stats":{"hp":"85","atk":"115","def":"80","satk":"105","sdef":"80","spd":"50"}},{"id":"605","image":"/swordshield/pokemon/605.png","name":"Elgyem","type":"psychic","stats":{"hp":"55","atk":"55","def":"55","satk":"85","sdef":"55","spd":"30"}},{"id":"606","image":"/swordshield/pokemon/606.png","name":"Beheeyem","type":"psychic","stats":{"hp":"75","atk":"75","def":"75","satk":"125","sdef":"95","spd":"40"}},{"id":"607","image":"/swordshield/pokemon/607.png","name":"Litwick","type":"ghost,fire","stats":{"hp":"50","atk":"30","def":"55","satk":"65","sdef":"55","spd":"20"}},{"id":"608","image":"/swordshield/pokemon/608.png","name":"Lampent","type":"ghost,fire","stats":{"hp":"60","atk":"40","def":"60","satk":"95","sdef":"60","spd":"55"}},{"id":"609","image":"/swordshield/pokemon/609.png","name":"Chandelure","type":"ghost,fire","stats":{"hp":"60","atk":"55","def":"90","satk":"145","sdef":"90","spd":"80"}},{"id":"610","image":"/swordshield/pokemon/610.png","name":"Axew","type":"dragon","stats":{"hp":"46","atk":"87","def":"60","satk":"30","sdef":"40","spd":"57"}},{"id":"611","image":"/swordshield/pokemon/611.png","name":"Fraxure","type":"dragon","stats":{"hp":"66","atk":"117","def":"70","satk":"40","sdef":"50","spd":"67"}},{"id":"612","image":"/swordshield/pokemon/612.png","name":"Haxorus","type":"dragon","stats":{"hp":"76","atk":"147","def":"90","satk":"60","sdef":"70","spd":"97"}},{"id":"613","image":"/swordshield/pokemon/613.png","name":"Cubchoo","type":"ice","stats":{"hp":"55","atk":"70","def":"40","satk":"60","sdef":"40","spd":"40"}},{"id":"614","image":"/swordshield/pokemon/614.png","name":"Beartic","type":"ice","stats":{"hp":"95","atk":"130","def":"80","satk":"70","sdef":"80","spd":"50"}},{"id":"615","image":"/swordshield/pokemon/615.png","name":"Cryogonal","type":"ice","stats":{"hp":"80","atk":"50","def":"50","satk":"95","sdef":"135","spd":"105"}},{"id":"616","image":"/swordshield/pokemon/616.png","name":"Shelmet","type":"bug","stats":{"hp":"50","atk":"40","def":"85","satk":"40","sdef":"65","spd":"25"}},{"id":"617","image":"/swordshield/pokemon/617.png","name":"Accelgor","type":"bug","stats":{"hp":"80","atk":"70","def":"40","satk":"100","sdef":"60","spd":"145"}},{"id":"618","image":"/swordshield/pokemon/618.png","name":"Stunfisk","type":"ground,electric","stats":{"hp":"109","atk":"66","def":"84","satk":"81","sdef":"99","spd":"32"}},{"id":"619","image":"/swordshield/pokemon/619.png","name":"Mienfoo","type":"fighting","stats":{"hp":"45","atk":"85","def":"50","satk":"55","sdef":"50","spd":"65"}},{"id":"620","image":"/swordshield/pokemon/620.png","name":"Mienshao","type":"fighting","stats":{"hp":"65","atk":"125","def":"60","satk":"95","sdef":"60","spd":"105"}},{"id":"621","image":"/swordshield/pokemon/621.png","name":"Druddigon","type":"dragon","stats":{"hp":"77","atk":"120","def":"90","satk":"60","sdef":"90","spd":"48"}},{"id":"622","image":"/swordshield/pokemon/622.png","name":"Golett","type":"ground,ghost","stats":{"hp":"59","atk":"74","def":"50","satk":"35","sdef":"50","spd":"35"}},{"id":"623","image":"/swordshield/pokemon/623.png","name":"Golurk","type":"ground,ghost","stats":{"hp":"89","atk":"124","def":"80","satk":"55","sdef":"80","spd":"55"}},{"id":"624","image":"/swordshield/pokemon/624.png","name":"Pawniard","type":"dark,steel","stats":{"hp":"45","atk":"85","def":"70","satk":"40","sdef":"40","spd":"60"}},{"id":"625","image":"/swordshield/pokemon/625.png","name":"Bisharp","type":"dark,steel","stats":{"hp":"65","atk":"125","def":"100","satk":"60","sdef":"70","spd":"70"}},{"id":"626","image":"/swordshield/pokemon/626.png","name":"Bouffalant","type":"normal","stats":{"hp":"95","atk":"110","def":"95","satk":"40","sdef":"95","spd":"55"}},{"id":"627","image":"/swordshield/pokemon/627.png","name":"Rufflet","type":"normal,flying","stats":{"hp":"70","atk":"83","def":"50","satk":"37","sdef":"50","spd":"60"}},{"id":"628","image":"/swordshield/pokemon/628.png","name":"Braviary","type":"normal,flying","stats":{"hp":"100","atk":"123","def":"75","satk":"57","sdef":"75","spd":"80"}},{"id":"629","image":"/swordshield/pokemon/629.png","name":"Vullaby","type":"dark,flying","stats":{"hp":"70","atk":"55","def":"75","satk":"45","sdef":"65","spd":"60"}},{"id":"630","image":"/swordshield/pokemon/630.png","name":"Mandibuzz","type":"dark,flying","stats":{"hp":"110","atk":"65","def":"105","satk":"55","sdef":"95","spd":"80"}},{"id":"631","image":"/swordshield/pokemon/631.png","name":"Heatmor","type":"fire","stats":{"hp":"85","atk":"97","def":"66","satk":"105","sdef":"66","spd":"65"}},{"id":"632","image":"/swordshield/pokemon/632.png","name":"Durant","type":"bug,steel","stats":{"hp":"58","atk":"109","def":"112","satk":"48","sdef":"48","spd":"109"}},{"id":"633","image":"/swordshield/pokemon/633.png","name":"Deino","type":"dark,dragon","stats":{"hp":"52","atk":"65","def":"50","satk":"45","sdef":"50","spd":"38"}},{"id":"634","image":"/swordshield/pokemon/634.png","name":"Zweilous","type":"dark,dragon","stats":{"hp":"72","atk":"85","def":"70","satk":"65","sdef":"70","spd":"58"}},{"id":"635","image":"/swordshield/pokemon/635.png","name":"Hydreigon","type":"dark,dragon","stats":{"hp":"92","atk":"105","def":"90","satk":"125","sdef":"90","spd":"98"}},{"id":"636","image":"/swordshield/pokemon/636.png","name":"Larvesta","type":"bug,fire","stats":{"hp":"55","atk":"85","def":"55","satk":"50","sdef":"55","spd":"60"}},{"id":"637","image":"/swordshield/pokemon/637.png","name":"Volcarona","type":"bug,fire","stats":{"hp":"85","atk":"60","def":"65","satk":"135","sdef":"105","spd":"100"}},{"id":"638","image":"/swordshield/pokemon/638.png","name":"Cobalion","type":"steel,fighting","stats":{"hp":"91","atk":"90","def":"129","satk":"90","sdef":"72","spd":"108"}},{"id":"639","image":"/swordshield/pokemon/639.png","name":"Terrakion","type":"rock,fighting","stats":{"hp":"91","atk":"129","def":"90","satk":"72","sdef":"90","spd":"108"}},{"id":"640","image":"/swordshield/pokemon/640.png","name":"Virizion","type":"grass,fighting","stats":{"hp":"91","atk":"90","def":"72","satk":"90","sdef":"129","spd":"108"}},{"id":"641","image":"/swordshield/pokemon/641.png","name":"Tornadus","type":"flying","stats":{"hp":"79","atk":"115","def":"70","satk":"125","sdef":"80","spd":"111"}},{"id":"642","image":"/swordshield/pokemon/642.png","name":"Thundurus","type":"electric,flying","stats":{"hp":"79","atk":"115","def":"70","satk":"125","sdef":"80","spd":"111"}},{"id":"643","image":"/swordshield/pokemon/643.png","name":"Reshiram","type":"dragon,fire","stats":{"hp":"100","atk":"120","def":"100","satk":"150","sdef":"120","spd":"90"}},{"id":"644","image":"/swordshield/pokemon/644.png","name":"Zekrom","type":"dragon,electric","stats":{"hp":"100","atk":"150","def":"120","satk":"120","sdef":"100","spd":"90"}},{"id":"645","image":"/swordshield/pokemon/645.png","name":"Landorus","type":"ground,flying","stats":{"hp":"89","atk":"125","def":"90","satk":"115","sdef":"80","spd":"101"}},{"id":"646","image":"/swordshield/pokemon/646.png","name":"Kyurem","type":"dragon,ice","stats":{"hp":"125","atk":"130","def":"90","satk":"130","sdef":"90","spd":"95"}},{"id":"647","image":"/swordshield/pokemon/647.png","name":"Keldeo","type":"water,fighting","stats":{"hp":"91","atk":"72","def":"90","satk":"129","sdef":"90","spd":"108"}},{"id":"648","image":"/swordshield/pokemon/648.png","name":"Meloetta","type":"normal,psychic","stats":{"hp":"100","atk":"77","def":"77","satk":"128","sdef":"128","spd":"90"}},{"id":"649","image":"/swordshield/pokemon/649.png","name":"Genesect","type":"bug,steel","stats":{"hp":"71","atk":"120","def":"95","satk":"120","sdef":"95","spd":"99"}}]}