{"url":"https://www.serebii.net/pokemon/gen6pokemon.shtml","date":"2021-08-25T18:02:47.980Z","title":"Pok�mon - Generation VI Pok�mon","data":[{"id":"650","image":"/swordshield/pokemon/650.png","name":"Chespin","type":"grass","stats":{"hp":"56","atk":"61","def":"65","satk":"48","sdef":"45","spd":"38"}},{"id":"651","image":"/swordshield/pokemon/651.png","name":"Quilladin","type":"grass","stats":{"hp":"61","atk":"78","def":"95","satk":"56","sdef":"58","spd":"57"}},{"id":"652","image":"/swordshield/pokemon/652.png","name":"Chesnaught","type":"grass,fighting","stats":{"hp":"88","atk":"107","def":"122","satk":"74","sdef":"75","spd":"64"}},{"id":"653","image":"/swordshield/pokemon/653.png","name":"Fennekin","type":"fire","stats":{"hp":"40","atk":"45","def":"40","satk":"62","sdef":"60","spd":"60"}},{"id":"654","image":"/swordshield/pokemon/654.png","name":"Braixen","type":"fire","stats":{"hp":"59","atk":"59","def":"58","satk":"90","sdef":"70","spd":"73"}},{"id":"655","image":"/swordshield/pokemon/655.png","name":"Delphox","type":"fire,psychic","stats":{"hp":"75","atk":"69","def":"72","satk":"114","sdef":"100","spd":"104"}},{"id":"656","image":"/swordshield/pokemon/656.png","name":"Froakie","type":"water","stats":{"hp":"41","atk":"56","def":"40","satk":"62","sdef":"44","spd":"71"}},{"id":"657","image":"/swordshield/pokemon/657.png","name":"Frogadier","type":"water","stats":{"hp":"54","atk":"63","def":"52","satk":"83","sdef":"56","spd":"97"}},{"id":"658","image":"/swordshield/pokemon/658.png","name":"Greninja","type":"water,dark","stats":{"hp":"72","atk":"95","def":"67","satk":"103","sdef":"71","spd":"122"}},{"id":"659","image":"/swordshield/pokemon/659.png","name":"Bunnelby","type":"normal","stats":{"hp":"38","atk":"36","def":"38","satk":"32","sdef":"36","spd":"57"}},{"id":"660","image":"/swordshield/pokemon/660.png","name":"Diggersby","type":"normal,ground","stats":{"hp":"85","atk":"56","def":"77","satk":"50","sdef":"77","spd":"78"}},{"id":"661","image":"/swordshield/pokemon/661.png","name":"Fletchling","type":"normal,flying","stats":{"hp":"45","atk":"50","def":"43","satk":"40","sdef":"38","spd":"62"}},{"id":"662","image":"/swordshield/pokemon/662.png","name":"Fletchinder","type":"fire,flying","stats":{"hp":"62","atk":"73","def":"55","satk":"56","sdef":"52","spd":"84"}},{"id":"663","image":"/swordshield/pokemon/663.png","name":"Talonflame","type":"fire,flying","stats":{"hp":"78","atk":"81","def":"71","satk":"74","sdef":"69","spd":"126"}},{"id":"664","image":"/swordshield/pokemon/664.png","name":"Scatterbug","type":"bug","stats":{"hp":"38","atk":"35","def":"40","satk":"27","sdef":"25","spd":"35"}},{"id":"665","image":"/swordshield/pokemon/665.png","name":"Spewpa","type":"bug","stats":{"hp":"45","atk":"22","def":"60","satk":"27","sdef":"30","spd":"29"}},{"id":"666","image":"/swordshield/pokemon/666.png","name":"Vivillon","type":"bug,flying","stats":{"hp":"80","atk":"52","def":"50","satk":"90","sdef":"50","spd":"89"}},{"id":"667","image":"/swordshield/pokemon/667.png","name":"Litleo","type":"fire,normal","stats":{"hp":"62","atk":"50","def":"58","satk":"73","sdef":"54","spd":"72"}},{"id":"668","image":"/swordshield/pokemon/668.png","name":"Pyroar","type":"fire,normal","stats":{"hp":"86","atk":"68","def":"72","satk":"109","sdef":"66","spd":"106"}},{"id":"669","image":"/swordshield/pokemon/669.png","name":"Flabébé","type":"fairy","stats":{"hp":"44","atk":"38","def":"39","satk":"61","sdef":"79","spd":"42"}},{"id":"670","image":"/swordshield/pokemon/670.png","name":"Floette","type":"fairy","stats":{"hp":"54","atk":"45","def":"47","satk":"75","sdef":"98","spd":"52"}},{"id":"671","image":"/swordshield/pokemon/671.png","name":"Florges","type":"fairy","stats":{"hp":"78","atk":"65","def":"68","satk":"112","sdef":"154","spd":"75"}},{"id":"672","image":"/swordshield/pokemon/672.png","name":"Skiddo","type":"grass","stats":{"hp":"66","atk":"65","def":"48","satk":"62","sdef":"57","spd":"52"}},{"id":"673","image":"/swordshield/pokemon/673.png","name":"Gogoat","type":"grass","stats":{"hp":"123","atk":"100","def":"62","satk":"97","sdef":"81","spd":"68"}},{"id":"674","image":"/swordshield/pokemon/674.png","name":"Pancham","type":"fighting","stats":{"hp":"67","atk":"82","def":"62","satk":"46","sdef":"48","spd":"43"}},{"id":"675","image":"/swordshield/pokemon/675.png","name":"Pangoro","type":"fighting,dark","stats":{"hp":"95","atk":"124","def":"78","satk":"69","sdef":"71","spd":"58"}},{"id":"676","image":"/swordshield/pokemon/676.png","name":"Furfrou","type":"normal","stats":{"hp":"75","atk":"80","def":"60","satk":"65","sdef":"90","spd":"102"}},{"id":"677","image":"/swordshield/pokemon/677.png","name":"Espurr","type":"psychic","stats":{"hp":"62","atk":"48","def":"54","satk":"63","sdef":"60","spd":"68"}},{"id":"678","image":"/swordshield/pokemon/678.png","name":"Meowstic","type":"psychic","stats":{"hp":"74","atk":"48","def":"76","satk":"83","sdef":"81","spd":"104"}},{"id":"679","image":"/swordshield/pokemon/679.png","name":"Honedge","type":"steel,ghost","stats":{"hp":"45","atk":"80","def":"100","satk":"35","sdef":"37","spd":"28"}},{"id":"680","image":"/swordshield/pokemon/680.png","name":"Doublade","type":"steel,ghost","stats":{"hp":"59","atk":"110","def":"150","satk":"45","sdef":"49","spd":"35"}},{"id":"681","image":"/swordshield/pokemon/681.png","name":"Aegislash","type":"steel,ghost","stats":{"hp":"60","atk":"50","def":"140","satk":"50","sdef":"140","spd":"60"}},{"id":"682","image":"/swordshield/pokemon/682.png","name":"Spritzee","type":"fairy","stats":{"hp":"78","atk":"52","def":"60","satk":"63","sdef":"65","spd":"23"}},{"id":"683","image":"/swordshield/pokemon/683.png","name":"Aromatisse","type":"fairy","stats":{"hp":"101","atk":"72","def":"72","satk":"99","sdef":"89","spd":"29"}},{"id":"684","image":"/swordshield/pokemon/684.png","name":"Swirlix","type":"fairy","stats":{"hp":"62","atk":"48","def":"66","satk":"59","sdef":"57","spd":"49"}},{"id":"685","image":"/swordshield/pokemon/685.png","name":"Slurpuff","type":"fairy","stats":{"hp":"82","atk":"80","def":"86","satk":"85","sdef":"75","spd":"72"}},{"id":"686","image":"/swordshield/pokemon/686.png","name":"Inkay","type":"dark,psychic","stats":{"hp":"53","atk":"54","def":"53","satk":"37","sdef":"46","spd":"45"}},{"id":"687","image":"/swordshield/pokemon/687.png","name":"Malamar","type":"dark,psychic","stats":{"hp":"86","atk":"92","def":"88","satk":"68","sdef":"75","spd":"73"}},{"id":"688","image":"/swordshield/pokemon/688.png","name":"Binacle","type":"rock,water","stats":{"hp":"42","atk":"52","def":"67","satk":"39","sdef":"56","spd":"50"}},{"id":"689","image":"/swordshield/pokemon/689.png","name":"Barbaracle","type":"rock,water","stats":{"hp":"72","atk":"105","def":"115","satk":"54","sdef":"86","spd":"68"}},{"id":"690","image":"/swordshield/pokemon/690.png","name":"Skrelp","type":"poison,water","stats":{"hp":"50","atk":"60","def":"60","satk":"60","sdef":"60","spd":"30"}},{"id":"691","image":"/swordshield/pokemon/691.png","name":"Dragalge","type":"poison,dragon","stats":{"hp":"65","atk":"75","def":"90","satk":"97","sdef":"123","spd":"44"}},{"id":"692","image":"/swordshield/pokemon/692.png","name":"Clauncher","type":"water","stats":{"hp":"50","atk":"53","def":"62","satk":"58","sdef":"63","spd":"44"}},{"id":"693","image":"/swordshield/pokemon/693.png","name":"Clawitzer","type":"water","stats":{"hp":"71","atk":"73","def":"88","satk":"120","sdef":"89","spd":"59"}},{"id":"694","image":"/swordshield/pokemon/694.png","name":"Helioptile","type":"electric,normal","stats":{"hp":"44","atk":"38","def":"33","satk":"61","sdef":"43","spd":"70"}},{"id":"695","image":"/swordshield/pokemon/695.png","name":"Heliolisk","type":"electric,normal","stats":{"hp":"62","atk":"55","def":"52","satk":"109","sdef":"94","spd":"109"}},{"id":"696","image":"/swordshield/pokemon/696.png","name":"Tyrunt","type":"rock,dragon","stats":{"hp":"58","atk":"89","def":"77","satk":"45","sdef":"45","spd":"48"}},{"id":"697","image":"/swordshield/pokemon/697.png","name":"Tyrantrum","type":"rock,dragon","stats":{"hp":"82","atk":"121","def":"119","satk":"69","sdef":"59","spd":"71"}},{"id":"698","image":"/swordshield/pokemon/698.png","name":"Amaura","type":"rock,ice","stats":{"hp":"77","atk":"59","def":"50","satk":"67","sdef":"63","spd":"46"}},{"id":"699","image":"/swordshield/pokemon/699.png","name":"Aurorus","type":"rock,ice","stats":{"hp":"123","atk":"77","def":"72","satk":"99","sdef":"92","spd":"58"}},{"id":"700","image":"/swordshield/pokemon/700.png","name":"Sylveon","type":"fairy","stats":{"hp":"95","atk":"65","def":"65","satk":"110","sdef":"130","spd":"60"}},{"id":"701","image":"/swordshield/pokemon/701.png","name":"Hawlucha","type":"fighting,flying","stats":{"hp":"78","atk":"92","def":"75","satk":"74","sdef":"63","spd":"118"}},{"id":"702","image":"/swordshield/pokemon/702.png","name":"Dedenne","type":"electric,fairy","stats":{"hp":"67","atk":"58","def":"57","satk":"81","sdef":"67","spd":"101"}},{"id":"703","image":"/swordshield/pokemon/703.png","name":"Carbink","type":"rock,fairy","stats":{"hp":"50","atk":"50","def":"150","satk":"50","sdef":"150","spd":"50"}},{"id":"704","image":"/swordshield/pokemon/704.png","name":"Goomy","type":"dragon","stats":{"hp":"45","atk":"50","def":"35","satk":"55","sdef":"75","spd":"40"}},{"id":"705","image":"/swordshield/pokemon/705.png","name":"Sliggoo","type":"dragon","stats":{"hp":"68","atk":"75","def":"53","satk":"83","sdef":"113","spd":"60"}},{"id":"706","image":"/swordshield/pokemon/706.png","name":"Goodra","type":"dragon","stats":{"hp":"90","atk":"100","def":"70","satk":"110","sdef":"150","spd":"80"}},{"id":"707","image":"/swordshield/pokemon/707.png","name":"Klefki","type":"steel,fairy","stats":{"hp":"57","atk":"80","def":"91","satk":"80","sdef":"87","spd":"75"}},{"id":"708","image":"/swordshield/pokemon/708.png","name":"Phantump","type":"ghost,grass","stats":{"hp":"43","atk":"70","def":"48","satk":"50","sdef":"60","spd":"38"}},{"id":"709","image":"/swordshield/pokemon/709.png","name":"Trevenant","type":"ghost,grass","stats":{"hp":"85","atk":"110","def":"76","satk":"65","sdef":"82","spd":"56"}},{"id":"710","image":"/swordshield/pokemon/710.png","name":"Pumpkaboo","type":"ghost,grass","stats":{"hp":"49","atk":"66","def":"70","satk":"44","sdef":"55","spd":"51"}},{"id":"711","image":"/swordshield/pokemon/711.png","name":"Gourgeist","type":"ghost,grass","stats":{"hp":"65","atk":"90","def":"122","satk":"58","sdef":"75","spd":"84"}},{"id":"712","image":"/swordshield/pokemon/712.png","name":"Bergmite","type":"ice","stats":{"hp":"55","atk":"69","def":"85","satk":"32","sdef":"35","spd":"28"}},{"id":"713","image":"/swordshield/pokemon/713.png","name":"Avalugg","type":"ice","stats":{"hp":"95","atk":"117","def":"184","satk":"44","sdef":"46","spd":"28"}},{"id":"714","image":"/swordshield/pokemon/714.png","name":"Noibat","type":"flying,dragon","stats":{"hp":"40","atk":"30","def":"35","satk":"45","sdef":"40","spd":"55"}},{"id":"715","image":"/swordshield/pokemon/715.png","name":"Noivern","type":"flying,dragon","stats":{"hp":"85","atk":"70","def":"80","satk":"97","sdef":"80","spd":"123"}},{"id":"716","image":"/swordshield/pokemon/716.png","name":"Xerneas","type":"fairy","stats":{"hp":"126","atk":"131","def":"95","satk":"131","sdef":"98","spd":"99"}},{"id":"717","image":"/swordshield/pokemon/717.png","name":"Yveltal","type":"dark,flying","stats":{"hp":"126","atk":"131","def":"95","satk":"131","sdef":"98","spd":"99"}},{"id":"718","image":"/swordshield/pokemon/718.png","name":"Zygarde","type":"dragon,ground","stats":{"hp":"108","atk":"100","def":"121","satk":"81","sdef":"95","spd":"95"}},{"id":"719","image":"/swordshield/pokemon/719.png","name":"Diancie","type":"rock,fairy","stats":{"hp":"50","atk":"100","def":"150","satk":"100","sdef":"150","spd":"50"}},{"id":"720","image":"/swordshield/pokemon/720.png","name":"Hoopa","type":"psychic,ghost","stats":{"hp":"80","atk":"110","def":"60","satk":"150","sdef":"130","spd":"70"}},{"id":"721","image":"/swordshield/pokemon/721.png","name":"Volcanion","type":"fire,water","stats":{"hp":"80","atk":"110","def":"120","satk":"130","sdef":"90","spd":"70"}}]}