{"url":"https://www.serebii.net/pokemon/gen4pokemon.shtml","date":"2021-08-25T17:43:57.978Z","title":"Pok�mon - Generation IV Pok�mon","data":[{"id":"387","image":"/swordshield/pokemon/387.png","name":"Turtwig","type":"grass","stats":{"hp":"55","atk":"68","def":"64","satk":"45","sdef":"55","spd":"31"}},{"id":"388","image":"/swordshield/pokemon/388.png","name":"Grotle","type":"grass","stats":{"hp":"75","atk":"89","def":"85","satk":"55","sdef":"65","spd":"36"}},{"id":"389","image":"/swordshield/pokemon/389.png","name":"Torterra","type":"grass,ground","stats":{"hp":"95","atk":"109","def":"105","satk":"75","sdef":"85","spd":"56"}},{"id":"390","image":"/swordshield/pokemon/390.png","name":"Chimchar","type":"fire","stats":{"hp":"44","atk":"58","def":"44","satk":"58","sdef":"44","spd":"61"}},{"id":"391","image":"/swordshield/pokemon/391.png","name":"Monferno","type":"fire,fighting","stats":{"hp":"64","atk":"78","def":"52","satk":"78","sdef":"52","spd":"81"}},{"id":"392","image":"/swordshield/pokemon/392.png","name":"Infernape","type":"fire,fighting","stats":{"hp":"76","atk":"104","def":"71","satk":"104","sdef":"71","spd":"108"}},{"id":"393","image":"/swordshield/pokemon/393.png","name":"Piplup","type":"water","stats":{"hp":"53","atk":"51","def":"53","satk":"61","sdef":"56","spd":"40"}},{"id":"394","image":"/swordshield/pokemon/394.png","name":"Prinplup","type":"water","stats":{"hp":"64","atk":"66","def":"68","satk":"81","sdef":"76","spd":"50"}},{"id":"395","image":"/swordshield/pokemon/395.png","name":"Empoleon","type":"water,steel","stats":{"hp":"84","atk":"86","def":"88","satk":"111","sdef":"101","spd":"60"}},{"id":"396","image":"/swordshield/pokemon/396.png","name":"Starly","type":"normal,flying","stats":{"hp":"40","atk":"55","def":"30","satk":"30","sdef":"30","spd":"60"}},{"id":"397","image":"/swordshield/pokemon/397.png","name":"Staravia","type":"normal,flying","stats":{"hp":"55","atk":"75","def":"50","satk":"40","sdef":"40","spd":"80"}},{"id":"398","image":"/swordshield/pokemon/398.png","name":"Staraptor","type":"normal,flying","stats":{"hp":"85","atk":"120","def":"70","satk":"50","sdef":"60","spd":"100"}},{"id":"399","image":"/swordshield/pokemon/399.png","name":"Bidoof","type":"normal","stats":{"hp":"59","atk":"45","def":"40","satk":"35","sdef":"40","spd":"31"}},{"id":"400","image":"/swordshield/pokemon/400.png","name":"Bibarel","type":"normal,water","stats":{"hp":"79","atk":"85","def":"60","satk":"55","sdef":"60","spd":"71"}},{"id":"401","image":"/swordshield/pokemon/401.png","name":"Kricketot","type":"bug","stats":{"hp":"37","atk":"25","def":"41","satk":"25","sdef":"41","spd":"25"}},{"id":"402","image":"/swordshield/pokemon/402.png","name":"Kricketune","type":"bug","stats":{"hp":"77","atk":"85","def":"51","satk":"55","sdef":"51","spd":"65"}},{"id":"403","image":"/swordshield/pokemon/403.png","name":"Shinx","type":"electric","stats":{"hp":"45","atk":"65","def":"34","satk":"40","sdef":"34","spd":"45"}},{"id":"404","image":"/swordshield/pokemon/404.png","name":"Luxio","type":"electric","stats":{"hp":"60","atk":"85","def":"49","satk":"60","sdef":"49","spd":"60"}},{"id":"405","image":"/swordshield/pokemon/405.png","name":"Luxray","type":"electric","stats":{"hp":"80","atk":"120","def":"79","satk":"95","sdef":"79","spd":"70"}},{"id":"406","image":"/swordshield/pokemon/406.png","name":"Budew","type":"grass,poison","stats":{"hp":"40","atk":"30","def":"35","satk":"50","sdef":"70","spd":"55"}},{"id":"407","image":"/swordshield/pokemon/407.png","name":"Roserade","type":"grass,poison","stats":{"hp":"60","atk":"70","def":"65","satk":"125","sdef":"105","spd":"90"}},{"id":"408","image":"/swordshield/pokemon/408.png","name":"Cranidos","type":"rock","stats":{"hp":"67","atk":"125","def":"40","satk":"30","sdef":"30","spd":"58"}},{"id":"409","image":"/swordshield/pokemon/409.png","name":"Rampardos","type":"rock","stats":{"hp":"97","atk":"165","def":"60","satk":"65","sdef":"50","spd":"58"}},{"id":"410","image":"/swordshield/pokemon/410.png","name":"Shieldon","type":"rock,steel","stats":{"hp":"30","atk":"42","def":"118","satk":"42","sdef":"88","spd":"30"}},{"id":"411","image":"/swordshield/pokemon/411.png","name":"Bastiodon","type":"rock,steel","stats":{"hp":"60","atk":"52","def":"168","satk":"47","sdef":"138","spd":"30"}},{"id":"412","image":"/swordshield/pokemon/412.png","name":"Burmy","type":"bug","stats":{"hp":"40","atk":"29","def":"45","satk":"29","sdef":"45","spd":"36"}},{"id":"413","image":"/swordshield/pokemon/413.png","name":"Wormadam","type":"bug,grass","stats":{"hp":"60","atk":"59","def":"85","satk":"79","sdef":"105","spd":"36"}},{"id":"414","image":"/swordshield/pokemon/414.png","name":"Mothim","type":"bug,flying","stats":{"hp":"70","atk":"94","def":"50","satk":"94","sdef":"50","spd":"66"}},{"id":"415","image":"/swordshield/pokemon/415.png","name":"Combee","type":"bug,flying","stats":{"hp":"30","atk":"30","def":"42","satk":"30","sdef":"42","spd":"70"}},{"id":"416","image":"/swordshield/pokemon/416.png","name":"Vespiquen","type":"bug,flying","stats":{"hp":"70","atk":"80","def":"102","satk":"80","sdef":"102","spd":"40"}},{"id":"417","image":"/swordshield/pokemon/417.png","name":"Pachirisu","type":"electric","stats":{"hp":"60","atk":"45","def":"70","satk":"45","sdef":"90","spd":"95"}},{"id":"418","image":"/swordshield/pokemon/418.png","name":"Buizel","type":"water","stats":{"hp":"55","atk":"65","def":"35","satk":"60","sdef":"30","spd":"85"}},{"id":"419","image":"/swordshield/pokemon/419.png","name":"Floatzel","type":"water","stats":{"hp":"85","atk":"105","def":"55","satk":"85","sdef":"50","spd":"115"}},{"id":"420","image":"/swordshield/pokemon/420.png","name":"Cherubi","type":"grass","stats":{"hp":"45","atk":"35","def":"45","satk":"62","sdef":"53","spd":"35"}},{"id":"421","image":"/swordshield/pokemon/421.png","name":"Cherrim","type":"grass","stats":{"hp":"70","atk":"60","def":"70","satk":"87","sdef":"78","spd":"85"}},{"id":"422","image":"/swordshield/pokemon/422.png","name":"Shellos","type":"water","stats":{"hp":"76","atk":"48","def":"48","satk":"57","sdef":"62","spd":"34"}},{"id":"423","image":"/swordshield/pokemon/423.png","name":"Gastrodon","type":"water,ground","stats":{"hp":"111","atk":"83","def":"68","satk":"92","sdef":"82","spd":"39"}},{"id":"424","image":"/swordshield/pokemon/424.png","name":"Ambipom","type":"normal","stats":{"hp":"75","atk":"100","def":"66","satk":"60","sdef":"66","spd":"115"}},{"id":"425","image":"/swordshield/pokemon/425.png","name":"Drifloon","type":"ghost,flying","stats":{"hp":"90","atk":"50","def":"34","satk":"60","sdef":"44","spd":"70"}},{"id":"426","image":"/swordshield/pokemon/426.png","name":"Drifblim","type":"ghost,flying","stats":{"hp":"150","atk":"80","def":"44","satk":"90","sdef":"54","spd":"80"}},{"id":"427","image":"/swordshield/pokemon/427.png","name":"Buneary","type":"normal","stats":{"hp":"55","atk":"66","def":"44","satk":"44","sdef":"56","spd":"85"}},{"id":"428","image":"/swordshield/pokemon/428.png","name":"Lopunny","type":"normal","stats":{"hp":"65","atk":"76","def":"84","satk":"54","sdef":"96","spd":"105"}},{"id":"429","image":"/swordshield/pokemon/429.png","name":"Mismagius","type":"ghost","stats":{"hp":"60","atk":"60","def":"60","satk":"105","sdef":"105","spd":"105"}},{"id":"430","image":"/swordshield/pokemon/430.png","name":"Honchkrow","type":"dark,flying","stats":{"hp":"100","atk":"125","def":"52","satk":"105","sdef":"52","spd":"71"}},{"id":"431","image":"/swordshield/pokemon/431.png","name":"Glameow","type":"normal","stats":{"hp":"49","atk":"55","def":"42","satk":"42","sdef":"37","spd":"85"}},{"id":"432","image":"/swordshield/pokemon/432.png","name":"Purugly","type":"normal","stats":{"hp":"71","atk":"82","def":"64","satk":"64","sdef":"59","spd":"112"}},{"id":"433","image":"/swordshield/pokemon/433.png","name":"Chingling","type":"psychic","stats":{"hp":"45","atk":"30","def":"50","satk":"65","sdef":"50","spd":"45"}},{"id":"434","image":"/swordshield/pokemon/434.png","name":"Stunky","type":"poison,dark","stats":{"hp":"63","atk":"63","def":"47","satk":"41","sdef":"41","spd":"74"}},{"id":"435","image":"/swordshield/pokemon/435.png","name":"Skuntank","type":"poison,dark","stats":{"hp":"103","atk":"93","def":"67","satk":"71","sdef":"61","spd":"84"}},{"id":"436","image":"/swordshield/pokemon/436.png","name":"Bronzor","type":"steel,psychic","stats":{"hp":"57","atk":"24","def":"86","satk":"24","sdef":"86","spd":"23"}},{"id":"437","image":"/swordshield/pokemon/437.png","name":"Bronzong","type":"steel,psychic","stats":{"hp":"67","atk":"89","def":"116","satk":"79","sdef":"116","spd":"33"}},{"id":"438","image":"/swordshield/pokemon/438.png","name":"Bonsly","type":"rock","stats":{"hp":"50","atk":"80","def":"95","satk":"10","sdef":"45","spd":"10"}},{"id":"439","image":"/swordshield/pokemon/439.png","name":"Mime Jr.","type":"psychic,fairy","stats":{"hp":"20","atk":"25","def":"45","satk":"70","sdef":"90","spd":"60"}},{"id":"440","image":"/swordshield/pokemon/440.png","name":"Happiny","type":"normal","stats":{"hp":"100","atk":"5","def":"5","satk":"15","sdef":"65","spd":"30"}},{"id":"441","image":"/swordshield/pokemon/441.png","name":"Chatot","type":"normal,flying","stats":{"hp":"76","atk":"65","def":"45","satk":"92","sdef":"42","spd":"91"}},{"id":"442","image":"/swordshield/pokemon/442.png","name":"Spiritomb","type":"ghost,dark","stats":{"hp":"50","atk":"92","def":"108","satk":"92","sdef":"108","spd":"35"}},{"id":"443","image":"/swordshield/pokemon/443.png","name":"Gible","type":"dragon,ground","stats":{"hp":"58","atk":"70","def":"45","satk":"40","sdef":"45","spd":"42"}},{"id":"444","image":"/swordshield/pokemon/444.png","name":"Gabite","type":"dragon,ground","stats":{"hp":"68","atk":"90","def":"65","satk":"50","sdef":"55","spd":"82"}},{"id":"445","image":"/swordshield/pokemon/445.png","name":"Garchomp","type":"dragon,ground","stats":{"hp":"108","atk":"130","def":"95","satk":"80","sdef":"85","spd":"102"}},{"id":"446","image":"/swordshield/pokemon/446.png","name":"Munchlax","type":"normal","stats":{"hp":"135","atk":"85","def":"40","satk":"40","sdef":"85","spd":"5"}},{"id":"447","image":"/swordshield/pokemon/447.png","name":"Riolu","type":"fighting","stats":{"hp":"40","atk":"70","def":"40","satk":"35","sdef":"40","spd":"60"}},{"id":"448","image":"/swordshield/pokemon/448.png","name":"Lucario","type":"fighting,steel","stats":{"hp":"70","atk":"110","def":"70","satk":"115","sdef":"70","spd":"90"}},{"id":"449","image":"/swordshield/pokemon/449.png","name":"Hippopotas","type":"ground","stats":{"hp":"68","atk":"72","def":"78","satk":"38","sdef":"42","spd":"32"}},{"id":"450","image":"/swordshield/pokemon/450.png","name":"Hippowdon","type":"ground","stats":{"hp":"108","atk":"112","def":"118","satk":"68","sdef":"72","spd":"47"}},{"id":"451","image":"/swordshield/pokemon/451.png","name":"Skorupi","type":"poison,bug","stats":{"hp":"40","atk":"50","def":"90","satk":"30","sdef":"55","spd":"65"}},{"id":"452","image":"/swordshield/pokemon/452.png","name":"Drapion","type":"poison,dark","stats":{"hp":"70","atk":"90","def":"110","satk":"60","sdef":"75","spd":"95"}},{"id":"453","image":"/swordshield/pokemon/453.png","name":"Croagunk","type":"poison,fighting","stats":{"hp":"48","atk":"61","def":"40","satk":"61","sdef":"40","spd":"50"}},{"id":"454","image":"/swordshield/pokemon/454.png","name":"Toxicroak","type":"poison,fighting","stats":{"hp":"83","atk":"106","def":"65","satk":"86","sdef":"65","spd":"85"}},{"id":"455","image":"/swordshield/pokemon/455.png","name":"Carnivine","type":"grass","stats":{"hp":"74","atk":"100","def":"72","satk":"90","sdef":"72","spd":"46"}},{"id":"456","image":"/swordshield/pokemon/456.png","name":"Finneon","type":"water","stats":{"hp":"49","atk":"49","def":"56","satk":"49","sdef":"61","spd":"66"}},{"id":"457","image":"/swordshield/pokemon/457.png","name":"Lumineon","type":"water","stats":{"hp":"69","atk":"69","def":"76","satk":"69","sdef":"86","spd":"91"}},{"id":"458","image":"/swordshield/pokemon/458.png","name":"Mantyke","type":"water,flying","stats":{"hp":"45","atk":"20","def":"50","satk":"60","sdef":"120","spd":"50"}},{"id":"459","image":"/swordshield/pokemon/459.png","name":"Snover","type":"grass,ice","stats":{"hp":"60","atk":"62","def":"50","satk":"62","sdef":"60","spd":"40"}},{"id":"460","image":"/swordshield/pokemon/460.png","name":"Abomasnow","type":"grass,ice","stats":{"hp":"90","atk":"92","def":"75","satk":"92","sdef":"85","spd":"60"}},{"id":"461","image":"/swordshield/pokemon/461.png","name":"Weavile","type":"dark,ice","stats":{"hp":"70","atk":"120","def":"65","satk":"45","sdef":"85","spd":"125"}},{"id":"462","image":"/swordshield/pokemon/462.png","name":"Magnezone","type":"electric,steel","stats":{"hp":"70","atk":"70","def":"115","satk":"130","sdef":"90","spd":"60"}},{"id":"463","image":"/swordshield/pokemon/463.png","name":"Lickilicky","type":"normal","stats":{"hp":"110","atk":"85","def":"95","satk":"80","sdef":"95","spd":"50"}},{"id":"464","image":"/swordshield/pokemon/464.png","name":"Rhyperior","type":"ground,rock","stats":{"hp":"115","atk":"140","def":"130","satk":"55","sdef":"55","spd":"40"}},{"id":"465","image":"/swordshield/pokemon/465.png","name":"Tangrowth","type":"grass","stats":{"hp":"100","atk":"100","def":"125","satk":"110","sdef":"50","spd":"50"}},{"id":"466","image":"/swordshield/pokemon/466.png","name":"Electivire","type":"electric","stats":{"hp":"75","atk":"123","def":"67","satk":"95","sdef":"85","spd":"95"}},{"id":"467","image":"/swordshield/pokemon/467.png","name":"Magmortar","type":"fire","stats":{"hp":"75","atk":"95","def":"67","satk":"125","sdef":"95","spd":"83"}},{"id":"468","image":"/swordshield/pokemon/468.png","name":"Togekiss","type":"fairy,flying","stats":{"hp":"85","atk":"50","def":"95","satk":"120","sdef":"115","spd":"80"}},{"id":"469","image":"/swordshield/pokemon/469.png","name":"Yanmega","type":"bug,flying","stats":{"hp":"86","atk":"76","def":"86","satk":"116","sdef":"56","spd":"95"}},{"id":"470","image":"/swordshield/pokemon/470.png","name":"Leafeon","type":"grass","stats":{"hp":"65","atk":"110","def":"130","satk":"60","sdef":"65","spd":"95"}},{"id":"471","image":"/swordshield/pokemon/471.png","name":"Glaceon","type":"ice","stats":{"hp":"65","atk":"60","def":"110","satk":"130","sdef":"95","spd":"65"}},{"id":"472","image":"/swordshield/pokemon/472.png","name":"Gliscor","type":"ground,flying","stats":{"hp":"75","atk":"95","def":"125","satk":"45","sdef":"75","spd":"95"}},{"id":"473","image":"/swordshield/pokemon/473.png","name":"Mamoswine","type":"ice,ground","stats":{"hp":"110","atk":"130","def":"80","satk":"70","sdef":"60","spd":"80"}},{"id":"474","image":"/swordshield/pokemon/474.png","name":"Porygon-Z","type":"normal","stats":{"hp":"85","atk":"80","def":"70","satk":"135","sdef":"75","spd":"90"}},{"id":"475","image":"/swordshield/pokemon/475.png","name":"Gallade","type":"psychic,fighting","stats":{"hp":"68","atk":"125","def":"65","satk":"65","sdef":"115","spd":"80"}},{"id":"476","image":"/swordshield/pokemon/476.png","name":"Probopass","type":"rock,steel","stats":{"hp":"60","atk":"55","def":"145","satk":"75","sdef":"150","spd":"40"}},{"id":"477","image":"/swordshield/pokemon/477.png","name":"Dusknoir","type":"ghost","stats":{"hp":"45","atk":"100","def":"135","satk":"65","sdef":"135","spd":"45"}},{"id":"478","image":"/swordshield/pokemon/478.png","name":"Froslass","type":"ice,ghost","stats":{"hp":"70","atk":"80","def":"70","satk":"80","sdef":"70","spd":"110"}},{"id":"479","image":"/swordshield/pokemon/479.png","name":"Rotom","type":"electric,ghost","stats":{"hp":"50","atk":"50","def":"77","satk":"95","sdef":"77","spd":"91"}},{"id":"480","image":"/swordshield/pokemon/480.png","name":"Uxie","type":"psychic","stats":{"hp":"75","atk":"75","def":"130","satk":"75","sdef":"130","spd":"95"}},{"id":"481","image":"/swordshield/pokemon/481.png","name":"Mesprit","type":"psychic","stats":{"hp":"80","atk":"105","def":"105","satk":"105","sdef":"105","spd":"80"}},{"id":"482","image":"/swordshield/pokemon/482.png","name":"Azelf","type":"psychic","stats":{"hp":"75","atk":"125","def":"70","satk":"125","sdef":"70","spd":"115"}},{"id":"483","image":"/swordshield/pokemon/483.png","name":"Dialga","type":"steel,dragon","stats":{"hp":"100","atk":"120","def":"120","satk":"150","sdef":"100","spd":"90"}},{"id":"484","image":"/swordshield/pokemon/484.png","name":"Palkia","type":"water,dragon","stats":{"hp":"90","atk":"120","def":"100","satk":"150","sdef":"120","spd":"100"}},{"id":"485","image":"/swordshield/pokemon/485.png","name":"Heatran","type":"fire,steel","stats":{"hp":"91","atk":"90","def":"106","satk":"130","sdef":"106","spd":"77"}},{"id":"486","image":"/swordshield/pokemon/486.png","name":"Regigigas","type":"normal","stats":{"hp":"110","atk":"160","def":"110","satk":"80","sdef":"110","spd":"100"}},{"id":"487","image":"/swordshield/pokemon/487.png","name":"Giratina","type":"ghost,dragon","stats":{"hp":"150","atk":"100","def":"120","satk":"100","sdef":"120","spd":"90"}},{"id":"488","image":"/swordshield/pokemon/488.png","name":"Cresselia","type":"psychic","stats":{"hp":"120","atk":"70","def":"120","satk":"75","sdef":"130","spd":"85"}},{"id":"489","image":"/swordshield/pokemon/489.png","name":"Phione","type":"water","stats":{"hp":"80","atk":"80","def":"80","satk":"80","sdef":"80","spd":"80"}},{"id":"490","image":"/swordshield/pokemon/490.png","name":"Manaphy","type":"water","stats":{"hp":"100","atk":"100","def":"100","satk":"100","sdef":"100","spd":"100"}},{"id":"491","image":"/swordshield/pokemon/491.png","name":"Darkrai","type":"dark","stats":{"hp":"70","atk":"90","def":"90","satk":"135","sdef":"90","spd":"125"}},{"id":"492","image":"/swordshield/pokemon/492.png","name":"Shaymin","type":"grass","stats":{"hp":"100","atk":"100","def":"100","satk":"100","sdef":"100","spd":"100"}},{"id":"493","image":"/swordshield/pokemon/493.png","name":"Arceus","type":"normal","stats":{"hp":"120","atk":"120","def":"120","satk":"120","sdef":"120","spd":"120"}}]}