[{"name":"Sugar Cane","link":"/wiki/Sugar_Cane","buy":"1.40K 3","harvest":["1.48K","50"],"time":"1h","seasons":["Fall"],"type":"Spice","profit":[{"level":"1","standard":"1.48k","flat":"1.47k"},{"level":"25","standard":"1.50k","flat":"1.49k"},{"level":"50","standard":"1.53k","flat":"1.51k"},{"level":"75","standard":"1.56k","flat":"1.53k"},{"level":"100","standard":"1.58k","flat":"1.55k"},{"level":"125","standard":"1.61k","flat":"1.57k"},{"level":"150","standard":"1.64k","flat":"1.59k"},{"level":"175","standard":"1.66k","flat":"1.61k"},{"level":"200","standard":"1.69k","flat":"1.63k"},{"level":"225","standard":"","flat":"1.65k"},{"level":"250","standard":"","flat":"1.67k"}]},{"name":"Blackcurrant","link":"/wiki/Blackcurrant","buy":"2.50K 5","harvest":["2.95k","45"],"time":"5h 20m","seasons":["Fall"],"type":"Grapes","profit":[{"level":"1","standard":"2.95k","flat":"2.86k"},{"level":"25","standard":"3.11k","flat":"2.99k"},{"level":"50","standard":"3.27k","flat":"3.12k"},{"level":"75","standard":"3.44k","flat":"3.25k"},{"level":"100","standard":"3.60k","flat":"3.38k"},{"level":"125","standard":"3.77k","flat":"3.52k"},{"level":"150","standard":"3.93k","flat":"3.65k"},{"level":"175","standard":"4.10k","flat":"3.78k"},{"level":"200","standard":"4.26k","flat":"3.91k"},{"level":"225","standard":"","flat":""},{"level":"250","standard":"","flat":""}]},{"name":"Redcurrant","link":"/wiki/Redcurrant","buy":"1.20K 2","harvest":["1.48K","36"],"time":"5h 20m","seasons":["Spring"],"type":"Grapes","profit":[{"level":"1","standard":"1.48k","flat":"1.43k"},{"level":"25","standard":"1.58k","flat":"1.50k"},{"level":"50","standard":"1.68k","flat":"1.59k"},{"level":"75","standard":"1.78k","flat":"1.67k"},{"level":"100","standard":"1.88k","flat":"1.75k"},{"level":"125","standard":"1.98k","flat":"1.83k"},{"level":"150","standard":"2.08k","flat":"1.91k"},{"level":"175","standard":"2.18k","flat":"1.99k"},{"level":"200","standard":"2.29k","flat":"2.07k"},{"level":"225","standard":"","flat":""},{"level":"250","standard":"","flat":""}]},{"name":"Chive","link":"/wiki/Chive","buy":"1.00K 2","harvest":["2","","20"],"time":"2h","seasons":["Spring","Summer","Fall","Winter"],"type":"Vegetables","profit":[{"level":"1","standard":"2","flat":"2"},{"level":"25","standard":"3","flat":"2"},{"level":"50","standard":"3","flat":"3"},{"level":"75","standard":"4","flat":"3"},{"level":"100","standard":"5","flat":"4"},{"level":"125","standard":"6","flat":"5"},{"level":"150","standard":"6","flat":"5"},{"level":"175","standard":"7","flat":"6"},{"level":"200","standard":"8","flat":"6"},{"level":"225","standard":"","flat":"7"},{"level":"250","standard":"","flat":"8"}]},{"name":"Chickpea","link":"/wiki/Chickpea","buy":"1.20K 2","harvest":["1.36K","28"],"time":"4h","seasons":["Fall","Winter"],"type":"Vegetables","profit":[{"level":"1","standard":"1.36k","flat":"1.33k"},{"level":"25","standard":"1.41k","flat":"1.37k"},{"level":"50","standard":"1.475","flat":"1.42k"},{"level":"75","standard":"1.53k","flat":"1.46k"},{"level":"100","standard":"1.58k","flat":"1.51k"},{"level":"125","standard":"1.64k","flat":"1.55k"},{"level":"150","standard":"1.70k","flat":"1.60k"},{"level":"175","standard":"1.75k","flat":"1.64k"},{"level":"200","standard":"1.81k","flat":"1.69k"},{"level":"225","standard":"1.86k","flat":""},{"level":"250","standard":"1.92k","flat":""}]},{"name":"Ginger","link":"/wiki/Ginger","buy":"1.60k 3","harvest":["3","","38"],"time":"5h","seasons":["Spring","Fall"],"type":"Spice","profit":[{"level":"1","standard":"3","flat":"2"},{"level":"25","standard":"4","flat":"3"},{"level":"50","standard":"5","flat":"4"},{"level":"75","standard":"6","flat":"5"},{"level":"100","standard":"7","flat":"6"},{"level":"125","standard":"9","flat":"7"},{"level":"150","standard":"10","flat":"8"},{"level":"175","standard":"11","flat":"9"},{"level":"200","standard":"12","flat":"10"},{"level":"225","standard":"","flat":""},{"level":"250","standard":"","flat":""}]},{"name":"Chili","link":"/wiki/Chili","buy":"2.00K 4","harvest":["2.35K","28"],"time":"3h","seasons":["Spring","Summer"],"type":"Vegetables","profit":[{"level":"1","standard":"2.35k","flat":"2.28k"},{"level":"25","standard":"2.47k","flat":"2.38k"},{"level":"50","standard":"2.60k","flat":"2.48k"},{"level":"75","standard":"2.73k","flat":"2.58k"},{"level":"100","standard":"2.86k","flat":"2.69k"},{"level":"125","standard":"2.98k","flat":"2.79k"},{"level":"150","standard":"3.11k","flat":"2.89k"},{"level":"175","standard":"3.24k","flat":"2.99k"},{"level":"200","standard":"3.37k","flat":"3.09k"},{"level":"225","standard":"3.49k","flat":"3.20k"},{"level":"250","standard":"3.62k","flat":"3.30k"}]},{"name":"Wasabi","link":"/wiki/Wasabi","buy":"1.50K 3","harvest":["1.90K","50"],"time":"10h","seasons":["Summer"],"type":"Vegetables","profit":[{"level":"1","standard":"1.90k","flat":"1.82k"},{"level":"25","standard":"2.04k","flat":"1.93k"},{"level":"50","standard":"2.19k","flat":"2.05k"},{"level":"75","standard":"2.33k","flat":"2.17k"},{"level":"100","standard":"2.48k","flat":"2.29k"},{"level":"125","standard":"2.63k","flat":"2.40k"},{"level":"150","standard":"2.77k","flat":"2.52k"},{"level":"175","standard":"2.92k","flat":"2.64k"},{"level":"200","standard":"3.06k","flat":"2.75k"},{"level":"225","standard":"3.21k","flat":""},{"level":"250","standard":"3.36k","flat":""}]},{"name":"Celery","link":"/wiki/Celery","buy":"600 1","harvest":["900","55"],"time":"15h","seasons":["Spring","Fall"],"type":"Vegetables","profit":[{"level":"1","standard":"900","flat":"842"},{"level":"25","standard":"1.00k","flat":"929"},{"level":"50","standard":"1.11k","flat":"1.01k"},{"level":"75","standard":"1.22k","flat":"1.10k"},{"level":"100","standard":"1.33k","flat":"1.19k"},{"level":"125","standard":"1.44k","flat":"1.27k"},{"level":"150","standard":"1.55k","flat":"1.36k"},{"level":"175","standard":"1.66k","flat":"1.45k"},{"level":"200","standard":"1.77k","flat":"1.53k"},{"level":"225","standard":"1.88k","flat":"1.62k"},{"level":"250","standard":"1.98k","flat":"1.71k"}]},{"name":"Jalapeño Pepper","link":"/wiki/Jalape%C3%B1o_Pepper","buy":"2.25K 4","harvest":["2.75K","48"],"time":"6h","seasons":["Fall"],"type":"Vegetables","profit":[{"level":"1","standard":"2.75k","flat":""},{"level":"25","standard":"2.93k","flat":""},{"level":"50","standard":"3.11k","flat":""},{"level":"75","standard":"3.29k","flat":""},{"level":"100","standard":"3.448k","flat":""},{"level":"125","standard":"3.6k","flat":""},{"level":"150","standard":"3.85k","flat":""},{"level":"175","standard":"4.03k","flat":""},{"level":"200","standard":"4.21k","flat":""},{"level":"225","standard":"4.40k","flat":""},{"level":"250","standard":"4.58k","flat":""}]},{"name":"Habanero Pepper","link":"/wiki/Habanero_Pepper","buy":"3.25K 6","harvest":["64"],"time":"8h","seasons":["Summer"],"type":"Vegetables","profit":[{"level":"1","standard":"","flat":""},{"level":"25","standard":"","flat":""},{"level":"50","standard":"","flat":""},{"level":"75","standard":"","flat":""},{"level":"100","standard":"","flat":""},{"level":"125","standard":"","flat":""},{"level":"150","standard":"","flat":""},{"level":"175","standard":"","flat":""},{"level":"200","standard":"","flat":""},{"level":"225","standard":"","flat":""},{"level":"250","standard":"","flat":""}]},{"name":"Oregano","link":"/wiki/Oregano","buy":"25  50","harvest":["10","","68"],"time":"4h","seasons":[],"type":"Spice","profit":[{"level":"1","standard":"10","flat":""},{"level":"25","standard":"","flat":""},{"level":"50","standard":"","flat":""},{"level":"75","standard":"","flat":""},{"level":"100","standard":"","flat":""},{"level":"125","standard":"","flat":""},{"level":"150","standard":"","flat":""},{"level":"175","standard":"","flat":""},{"level":"200","standard":"","flat":""},{"level":"225","standard":"","flat":""},{"level":"250","standard":"","flat":""}]}]