[{"name":"Turmeric","link":"/wiki/Turmeric","buy":"10.00k 20","harvest":["15","","100"],"time":"6h 30m","seasons":["Spring"],"type":"Spice","profit":[{"level":"1","standard":"15","flat":"12"},{"level":"25","standard":"20","flat":"16"},{"level":"50","standard":"26","flat":"21"},{"level":"75","standard":"32","flat":"25"},{"level":"100","standard":"37","flat":"30"},{"level":"125","standard":"43","flat":"34"},{"level":"150","standard":"49","flat":"39"},{"level":"175","standard":"54","flat":"43"},{"level":"200","standard":"60","flat":"48"},{"level":"225","standard":"65","flat":"52"},{"level":"250","standard":"71","flat":"57"}]},{"name":"Black Peppercorn","link":"/wiki/Black_Peppercorn","buy":"500 1","harvest":["1","","25"],"time":"4h","seasons":["Summer","Fall"],"type":"Spice","profit":[{"level":"1","standard":"1","flat":"1"},{"level":"25","standard":"1","flat":"1"},{"level":"50","standard":"2","flat":"1"},{"level":"75","standard":"2","flat":"2"},{"level":"100","standard":"2","flat":"2"},{"level":"125","standard":"3","flat":"2"},{"level":"150","standard":"3","flat":"3"},{"level":"175","standard":"4","flat":"3"},{"level":"200","standard":"4","flat":"3"},{"level":"225","standard":"","flat":""},{"level":"250","standard":"","flat":""}]},{"name":"Pink Peppercorn","link":"/wiki/Pink_Peppercorn","buy":"4.40K 8","harvest":["8","","65"],"time":"6h","seasons":["Spring","Winter"],"type":"Spice","profit":[{"level":"1","standard":"8","flat":"6"},{"level":"25","standard":"11","flat":"9"},{"level":"50","standard":"14","flat":"11"},{"level":"75","standard":"17","flat":"14"},{"level":"100","standard":"20","flat":"16"},{"level":"125","standard":"23","flat":"18"},{"level":"150","standard":"26","flat":"21"},{"level":"175","standard":"29","flat":"23"},{"level":"200","standard":"32","flat":"26"},{"level":"225","standard":"","flat":""},{"level":"250","standard":"","flat":""}]},{"name":"White Peppercorn","link":"/wiki/White_Peppercorn","buy":"2.20K 4","harvest":["4","","40"],"time":"5h","seasons":["Fall","Winter"],"type":"Spice","profit":[{"level":"1","standard":"4","flat":"3"},{"level":"25","standard":"5","flat":"4"},{"level":"50","standard":"7","flat":"6"},{"level":"75","standard":"8","flat":"7"},{"level":"100","standard":"10","flat":"8"},{"level":"125","standard":"11","flat":"9"},{"level":"150","standard":"13","flat":"10"},{"level":"175","standard":"14","flat":"12"},{"level":"200","standard":"16","flat":"13"},{"level":"225","standard":"","flat":""},{"level":"250","standard":"","flat":""}]}]