[{"name":"Parasol Mushroom","link":"/wiki/Parasol_Mushroom","buy":"170","harvest":["220","8"],"time":"1h","seasons":["Spring","Winter"],"type":"Mushrooms","profit":[{"level":"1","standard":"220","flat":"212"},{"level":"25","standard":"234","flat":"224"},{"level":"50","standard":"249","flat":"236"},{"level":"75","standard":"264","flat":"248"},{"level":"100","standard":"279","flat":"260"},{"level":"125","standard":"294","flat":"272"},{"level":"150","standard":"309","flat":"284"},{"level":"175","standard":"324","flat":"296"},{"level":"200","standard":"339","flat":"308"},{"level":"225","standard":"354","flat":""},{"level":"250","standard":"369","flat":""}]},{"name":"Shiitake","link":"/wiki/Shiitake","buy":"4.00K 8","harvest":["5.50K","130"],"time":"1d","seasons":["Summer"],"type":"Mushrooms","profit":[{"level":"1","standard":"5.50k","flat":"5.20k"},{"level":"25","standard":"6.04k","flat":"5.63k"},{"level":"50","standard":"6.59k","flat":"6.08k"},{"level":"75","standard":"7.15k","flat":"6.53k"},{"level":"100","standard":"7.71k","flat":"6.97k"},{"level":"125","standard":"8.27k","flat":"7.42k"},{"level":"150","standard":"8.83k","flat":"7.87k"},{"level":"175","standard":"9.39k","flat":"8.31k"},{"level":"200","standard":"9.95k","flat":"8.76k"},{"level":"225","standard":"","flat":""},{"level":"250","standard":"","flat":""}]},{"name":"White Mushroom","link":"/wiki/White_Mushroom","buy":"2.00K 4","harvest":["2.35K","30"],"time":"3h","seasons":["Fall"],"type":"Mushrooms","profit":[{"level":"1","standard":"2.35k","flat":"2.28k"},{"level":"25","standard":"2.47k","flat":"2.38k"},{"level":"50","standard":"2.60k","flat":"2.48k"},{"level":"75","standard":"2.73k","flat":"2.58k"},{"level":"100","standard":"2.86k","flat":"2.69k"},{"level":"125","standard":"2.98k","flat":"2.79k"},{"level":"150","standard":"3.11k","flat":"2.89k"},{"level":"175","standard":"3.24k","flat":"2.99k"},{"level":"200","standard":"3.37k","flat":"3.09k"},{"level":"225","standard":"","flat":""},{"level":"250","standard":"","flat":""}]},{"name":"Red Pine Mushroom","link":"/wiki/Red_Pine_Mushroom","buy":"450 1","harvest":["485","6"],"time":"20m","seasons":["Fall"],"type":"Mushrooms","profit":[{"level":"1","standard":"485","flat":"480"},{"level":"25","standard":"494","flat":"487"},{"level":"50","standard":"503","flat":"495"},{"level":"75","standard":"513","flat":"502"},{"level":"100","standard":"522","flat":"510"},{"level":"125","standard":"532","flat":"517"},{"level":"150","standard":"541","flat":"525"},{"level":"175","standard":"550","flat":"532"},{"level":"200","standard":"560","flat":"540"},{"level":"225","standard":"","flat":""},{"level":"250","standard":"","flat":""}]}]