[{"name":"Cotton","link":"/wiki/Cotton","buy":"100","harvest":["190","35"],"time":"12h","seasons":["Spring","Summer","Fall","Winter"],"type":"Fabric","profit":[{"level":"1","standard":"190","flat":"174"},{"level":"25","standard":"219","flat":"197"},{"level":"50","standard":"249","flat":"221"},{"level":"75","standard":"279","flat":"245"},{"level":"100","standard":"309","flat":"269"},{"level":"125","standard":"339","flat":"293"},{"level":"150","standard":"369","flat":"317"},{"level":"175","standard":"399","flat":"341"},{"level":"200","standard":"429","flat":"365"},{"level":"225","standard":"459","flat":""},{"level":"250","standard":"489","flat":""}]}]