[{"name":"Raspberry","link":"/wiki/Raspberry","buy":"3.50K 7","harvest":["3.85K","25"],"time":"2h","seasons":["Spring","Fall"],"type":"Grapes","profit":[{"level":"1","standard":"3.85k","flat":"3.78k"},{"level":"25","standard":"3.97k","flat":"3.88k"},{"level":"50","standard":"4.10k","flat":"3.98k"},{"level":"75","standard":"4.23k","flat":"4.08k"},{"level":"100","standard":"4.36k","flat":"4.19k"},{"level":"125","standard":"4.48k","flat":"4.29k"},{"level":"150","standard":"4.61k","flat":"4.39k"},{"level":"175","standard":"4.74k","flat":"4.49k"},{"level":"200","standard":"4.86k","flat":"4.59k"},{"level":"225","standard":"","flat":""},{"level":"250","standard":"","flat":""}]},{"name":"Blackberry","link":"/wiki/Blackberry","buy":"220","harvest":["280","20"],"time":"4h","seasons":["Summer","Winter"],"type":"Grapes","profit":[{"level":"1","standard":"280","flat":"270"},{"level":"25","standard":"298","flat":"284"},{"level":"50","standard":"317","flat":"299"},{"level":"75","standard":"336","flat":"314"},{"level":"100","standard":"354","flat":"329"},{"level":"125","standard":"373","flat":"344"},{"level":"150","standard":"392","flat":"359"},{"level":"175","standard":"410","flat":"374"},{"level":"200","standard":"429","flat":"389"},{"level":"225","standard":"448","flat":""},{"level":"250","standard":"467","flat":""}]},{"name":"Red Goji Berry","link":"/wiki/Red_Goji_Berry","buy":"1.40K 3","harvest":["1.60K","19"],"time":"1h 30m","seasons":["Spring","Summer"],"type":"Grapes","profit":[{"level":"1","standard":"1.60k","flat":"1.56k"},{"level":"25","standard":"1.67k","flat":"1.62k"},{"level":"50","standard":"1.74k","flat":"1.67k"},{"level":"75","standard":"1.81k","flat":"1.73k"},{"level":"100","standard":"1.88k","flat":"1.79k"},{"level":"125","standard":"1.95k","flat":"1.85k"},{"level":"150","standard":"2.03k","flat":"1.90k"},{"level":"175","standard":"2.10k","flat":"1.96k"},{"level":"200","standard":"2.17k","flat":"2.02k"},{"level":"225","standard":"","flat":""},{"level":"250","standard":"","flat":""}]},{"name":"Black Goji Berry","link":"/wiki/Black_Goji_Berry","buy":"2.25K 4","harvest":["2.40K","10"],"time":"25m","seasons":["Spring","Summer"],"type":"Grapes","profit":[{"level":"1","standard":"2.40k","flat":"2.37k"},{"level":"25","standard":"2.45k","flat":"2.41k"},{"level":"50","standard":"2.50k","flat":"2.45k"},{"level":"75","standard":"2.56k","flat":"2.50k"},{"level":"100","standard":"2.61k","flat":"2.54k"},{"level":"125","standard":"2.66k","flat":"2.58k"},{"level":"150","standard":"2.71k","flat":"2.62k"},{"level":"175","standard":"2.77k","flat":"2.66k"},{"level":"200","standard":"2.82k","flat":"2.71k"},{"level":"225","standard":"","flat":""},{"level":"250","standard":"","flat":""}]},{"name":"Red Grape","link":"/wiki/Red_Grape","buy":"1.25K 2","harvest":["1.70K","55"],"time":"10h","seasons":["Spring","Winter"],"type":"Grapes","profit":[{"level":"1","standard":"1.70k","flat":"1.61k"},{"level":"25","standard":"1.86k","flat":"1.74k"},{"level":"50","standard":"2.02k","flat":"1.87k"},{"level":"75","standard":"2.19k","flat":"2.00k"},{"level":"100","standard":"2.35k","flat":"2.13k"},{"level":"125","standard":"2.52k","flat":"2.27k"},{"level":"150","standard":"2.68k","flat":"2.40k"},{"level":"175","standard":"2.85k","flat":"2.53k"},{"level":"200","standard":"3.01k","flat":"2.66k"},{"level":"225","standard":"","flat":""},{"level":"250","standard":"","flat":""}]},{"name":"Blue Grape","link":"/wiki/Blue_Grape","buy":"50","harvest":["100","16"],"time":"6h","seasons":["Fall","Winter"],"type":"Grapes","profit":[{"level":"1","standard":"100","flat":"92"},{"level":"25","standard":"114","flat":"104"},{"level":"50","standard":"129","flat":"116"},{"level":"75","standard":"144","flat":"128"},{"level":"100","standard":"159","flat":"140"},{"level":"125","standard":"174","flat":"152"},{"level":"150","standard":"189","flat":"164"},{"level":"175","standard":"204","flat":"176"},{"level":"200","standard":"219","flat":"188"},{"level":"225","standard":"234","flat":""},{"level":"250","standard":"249","flat":""}]},{"name":"Green Grape","link":"/wiki/Green_Grape","buy":"250","harvest":["400","41"],"time":"10h","seasons":["Spring","Summer"],"type":"Grapes","profit":[{"level":"1","standard":"400","flat":"372"},{"level":"25","standard":"450","flat":"412"},{"level":"50","standard":"503","flat":"454"},{"level":"75","standard":"555","flat":"496"},{"level":"100","standard":"608","flat":"538"},{"level":"125","standard":"660","flat":"580"},{"level":"150","standard":"713","flat":"622"},{"level":"175","standard":"765","flat":"664"},{"level":"200","standard":"818","flat":"706"},{"level":"225","standard":"","flat":""},{"level":"250","standard":"","flat":""}]}]