[{"name":"Barley","link":"/wiki/Barley","buy":"7.50K 15","harvest":["9.00K","145"],"time":"1d","seasons":["Summer","Fall"],"type":"Cereals","profit":[{"level":"1","standard":"9.00k","flat":"8.70k"},{"level":"25","standard":"9.54k","flat":"9.13k"},{"level":"50","standard":"10.10k","flat":"9.58k"},{"level":"75","standard":"10.65k","flat":"10.02k"},{"level":"100","standard":"11.21k","flat":"10.47k"},{"level":"125","standard":"11.77k","flat":"10.92k"},{"level":"150","standard":"12.33k","flat":"11.37k"},{"level":"175","standard":"12.89k","flat":"11.81k"},{"level":"200","standard":"13.45k","flat":"12.26k"},{"level":"225","standard":"","flat":""},{"level":"250","standard":"","flat":""}]},{"name":"Wheat","link":"/wiki/Wheat","buy":"400 1","harvest":["800","74"],"time":"1d","seasons":["Spring","Winter"],"type":"Cereals","profit":[{"level":"1","standard":"800","flat":"722"},{"level":"25","standard":"940","flat":"834"},{"level":"50","standard":"1.09k","flat":"951"},{"level":"75","standard":"1.23k","flat":"1.07k"},{"level":"100","standard":"1.38k","flat":"1.18k"},{"level":"125","standard":"1.52k","flat":"1.30k"},{"level":"150","standard":"1.67k","flat":"1.42k"},{"level":"175","standard":"1.82k","flat":"1.54k"},{"level":"200","standard":"1.96k","flat":"1.65k"},{"level":"225","standard":"","flat":""},{"level":"250","standard":"","flat":""}]},{"name":"Rye","link":"/wiki/Rye","buy":"2.50K 5","harvest":["3.75K","105"],"time":"1d","seasons":["Spring","Winter"],"type":"Cereals","profit":[{"level":"1","standard":"3.75k","flat":"3.50k"},{"level":"25","standard":"4.20k","flat":"3.86k"},{"level":"50","standard":"4.66k","flat":"4.23k"},{"level":"75","standard":"5.13k","flat":"4.60k"},{"level":"100","standard":"5.59k","flat":"4.97k"},{"level":"125","standard":"6.06k","flat":"5.35k"},{"level":"150","standard":"6.52k","flat":"5.72k"},{"level":"175","standard":"6.99k","flat":"6.09k"},{"level":"200","standard":"7.45k","flat":"6.46k"},{"level":"225","standard":"","flat":""},{"level":"250","standard":"","flat":""}]},{"name":"Corn","link":"/wiki/Corn","buy":"2.00K 4","harvest":["3.00K","140"],"time":"2d","seasons":["Spring","Fall"],"type":"Cereals","profit":[{"level":"1","standard":"3.00k","flat":"2.80k"},{"level":"25","standard":"3.36k","flat":"3.09k"},{"level":"50","standard":"3.73k","flat":"3.38k"},{"level":"75","standard":"4.10k","flat":"3.68k"},{"level":"100","standard":"4.47k","flat":"3.98k"},{"level":"125","standard":"4.84k","flat":"4.28k"},{"level":"150","standard":"5.21k","flat":"4.57k"},{"level":"175","standard":"5.58k","flat":"4.87k"},{"level":"200","standard":"5.95k","flat":"5.17k"},{"level":"225","standard":"","flat":""},{"level":"250","standard":"","flat":""}]},{"name":"White Sorghum","link":"/wiki/White_Sorghum","buy":"2.35K 5","harvest":["3.25K","70"],"time":"10h","seasons":["Summer"],"type":"Cereals","profit":[{"level":"1","standard":"3.25k","flat":"3.07k"},{"level":"25","standard":"3.57k","flat":"3.33k"},{"level":"50","standard":"3.90k","flat":"3.60k"},{"level":"75","standard":"4.24k","flat":"3.86k"},{"level":"100","standard":"4.57k","flat":"4.13k"},{"level":"125","standard":"4.91k","flat":"4.40k"},{"level":"150","standard":"5.24k","flat":"4.66k"},{"level":"175","standard":"5.57k","flat":"4.93k"},{"level":"200","standard":"5.91k","flat":"5.20k"},{"level":"225","standard":"6.24k","flat":""},{"level":"250","standard":"6.57k","flat":""}]},{"name":"Red Sorghum","link":"/wiki/Red_Sorghum","buy":"5.25K 10","harvest":["6.30K","86"],"time":"10h","seasons":["Spring"],"type":"Cereals","profit":[{"level":"1","standard":"6.30k","flat":"6.09k"},{"level":"25","standard":"6.67k","flat":"6.39k"},{"level":"50","standard":"7.06k","flat":"6.70k"},{"level":"75","standard":"7.45k","flat":"7.02k"},{"level":"100","standard":"7.84k","flat":"7.33k"},{"level":"125","standard":"8.23k","flat":"7.64k"},{"level":"150","standard":"8.65k","flat":"7.95k"},{"level":"175","standard":"9.01k","flat":"8.26k"},{"level":"200","standard":"9.40k","flat":"8.58k"},{"level":"225","standard":"","flat":""},{"level":"250","standard":"","flat":""}]}]