[{"name":"Ramanas Rose","link":"/wiki/Ramanas_Rose","buy":"400   1","harvest":["300","40"],"time":"5h","seasons":[],"type":"Flowers","profit":[{"level":"1","standard":"300","flat":"240"},{"level":"25","standard":"408","flat":"326"},{"level":"50","standard":"520","flat":"416"},{"level":"75","standard":"633","flat":"506"},{"level":"100","standard":"746","flat":"596"},{"level":"125","standard":"858","flat":"686"},{"level":"150","standard":"970","flat":"776"},{"level":"175","standard":"1.08k","flat":"866"},{"level":"200","standard":"1.20k","flat":"956"},{"level":"225","standard":"1.31k","flat":""},{"level":"250","standard":"1.42k","flat":""}]},{"name":"Provence Rose","link":"/wiki/Provence_Rose","buy":"1.50K   3","harvest":["4.00K","330"],"time":"3d","seasons":[],"type":"Flowers","profit":[{"level":"1","standard":"4.00k","flat":"3.20k"},{"level":"25","standard":"5.44k","flat":"4.35k"},{"level":"50","standard":"6.94k","flat":"5.55k"},{"level":"75","standard":"8.44k","flat":"6.75k"},{"level":"100","standard":"9.94k","flat":"7.95k"},{"level":"125","standard":"11.44k","flat":"9.15k"},{"level":"150","standard":"12.94k","flat":"10.35k"},{"level":"175","standard":"14.44k","flat":"11.55k"},{"level":"200","standard":"15.94k","flat":"12.75k"},{"level":"225","standard":"17.44k","flat":"13.95k"},{"level":"250","standard":"18.94k","flat":"15.15k"}]},{"name":"Damask Rose","link":"/wiki/Damask_Rose","buy":"1.75K   3","harvest":["1.00K","85"],"time":"6h","seasons":[],"type":"Flowers","profit":[{"level":"1","standard":"1.00k","flat":"800"},{"level":"25","standard":"1.36k","flat":"1.09k"},{"level":"50","standard":"1.74k","flat":"1.39k"},{"level":"75","standard":"2.11k","flat":"1.69k"},{"level":"100","standard":"2.48k","flat":"1.99k"},{"level":"125","standard":"2.86k","flat":"2.29k"},{"level":"150","standard":"3.23k","flat":"2.59k"},{"level":"175","standard":"3.61k","flat":"2.89k"},{"level":"200","standard":"3.98k","flat":"3.19k"},{"level":"225","standard":"4.36k","flat":"3.49k"},{"level":"250","standard":"4.74k","flat":"3.79k"}]},{"name":"Rose","link":"/wiki/Rose","buy":"6.00K   12","harvest":["22.00K","700"],"time":"5d","seasons":[],"type":"Flowers","profit":[{"level":"1","standard":"22.00k","flat":""},{"level":"25","standard":"29.92k","flat":""},{"level":"50","standard":"38.17k","flat":""},{"level":"75","standard":"46.42k","flat":""},{"level":"100","standard":"54.67k","flat":""},{"level":"125","standard":"62.92k","flat":""},{"level":"150","standard":"71.17k","flat":""},{"level":"175","standard":"79.42k","flat":""},{"level":"200","standard":"7.67k","flat":""},{"level":"225","standard":"95.92k","flat":""},{"level":"250","standard":"104.2k","flat":""}]},{"name":"Daisy","link":"/wiki/Daisy","buy":"500   1","harvest":["500","55"],"time":"6h","seasons":[],"type":"Flowers","profit":[{"level":"1","standard":"500","flat":"400"},{"level":"25","standard":"680","flat":"544"},{"level":"50","standard":"867","flat":"694"},{"level":"75","standard":"1.05k","flat":"844"},{"level":"100","standard":"1.24k","flat":"994"},{"level":"125","standard":"1.43k","flat":"1.14k"},{"level":"150","standard":"1.62k","flat":"1.29k"},{"level":"175","standard":"1.80k","flat":"1.44k"},{"level":"200","standard":"1.99k","flat":"1.59k"},{"level":"225","standard":"2.18k","flat":""},{"level":"250","standard":"2.37k","flat":""}]},{"name":"Shasta Daisy","link":"/wiki/Shasta_Daisy","buy":"2.00K   4","harvest":["750","70"],"time":"4h","seasons":[],"type":"Flowers","profit":[{"level":"1","standard":"750","flat":"600"},{"level":"25","standard":"1.02k","flat":"816"},{"level":"50","standard":"1.30k","flat":"1.04k"},{"level":"75","standard":"1.58k","flat":"1.27k"},{"level":"100","standard":"1.86k","flat":"1.49k"},{"level":"125","standard":"2.14k","flat":"1.72k"},{"level":"150","standard":"2.43k","flat":"1.94k"},{"level":"175","standard":"2.71k","flat":"2.17k"},{"level":"200","standard":"2.99k","flat":"2.39k"},{"level":"225","standard":"3.27k","flat":""},{"level":"250","standard":"3.55k","flat":""}]},{"name":"Marguerite Daisy","link":"/wiki/Marguerite_Daisy","buy":"3.80K   8","harvest":["1.25K","100"],"time":"5h","seasons":[],"type":"Flowers","profit":[{"level":"1","standard":"1.25k","flat":"1.00k"},{"level":"25","standard":"1.70k","flat":"1.36k"},{"level":"50","standard":"2.17k","flat":"1.74k"},{"level":"75","standard":"2.64k","flat":"2.11k"},{"level":"100","standard":"3.11k","flat":"2.48k"},{"level":"125","standard":"3.58k","flat":"2.86k"},{"level":"150","standard":"4.04k","flat":"3.23k"},{"level":"175","standard":"4.51k","flat":"3.61k"},{"level":"200","standard":"4.98k","flat":"3.98k"},{"level":"225","standard":"5.45k","flat":""},{"level":"250","standard":"5.92k","flat":""}]},{"name":"Gerbera Daisy","link":"/wiki/Gerbera_Daisy","buy":"15.00K   30","harvest":["45.00k","1250"],"time":"7d","seasons":[],"type":"Flowers","profit":[{"level":"1","standard":"45.00k","flat":"36.00k"},{"level":"25","standard":"","flat":""},{"level":"50","standard":"","flat":""},{"level":"75","standard":"","flat":""},{"level":"100","standard":"","flat":""},{"level":"125","standard":"","flat":""},{"level":"150","standard":"","flat":""},{"level":"175","standard":"","flat":""},{"level":"200","standard":"","flat":""},{"level":"225","standard":"","flat":""},{"level":"250","standard":"","flat":"170.5k"}]},{"name":"Yellow Hibiscus","link":"/wiki/Yellow_Hibiscus","buy":"3.75K   7","harvest":["300","45"],"time":"1h 30m","seasons":[],"type":"Flowers","profit":[{"level":"1","standard":"300","flat":"240"},{"level":"25","standard":"408","flat":"326"},{"level":"50","standard":"520","flat":"416"},{"level":"75","standard":"633","flat":"506"},{"level":"100","standard":"746","flat":"596"},{"level":"125","standard":"858","flat":"686"},{"level":"150","standard":"970","flat":"776"},{"level":"175","standard":"1.08k","flat":"866"},{"level":"200","standard":"1.20k","flat":"956"},{"level":"225","standard":"1.31k","flat":""},{"level":"250","standard":"1.42k","flat":""}]},{"name":"Red Hibiscus","link":"/wiki/Red_Hibiscus","buy":"11.50K   23","harvest":["580","64"],"time":"1h 30m","seasons":[],"type":"Flowers","profit":[{"level":"1","standard":"580","flat":"464"},{"level":"25","standard":"789","flat":"631"},{"level":"50","standard":"1.01k","flat":"805"},{"level":"75","standard":"1.22k","flat":"979"},{"level":"100","standard":"1.44k","flat":"1.15k"},{"level":"125","standard":"1.66k","flat":"1.33k"},{"level":"150","standard":"1.88k","flat":"1.50k"},{"level":"175","standard":"2.09k","flat":"1.67k"},{"level":"200","standard":"2.31k","flat":"1.85k"},{"level":"225","standard":"2.53k","flat":""},{"level":"250","standard":"2.75k","flat":""}]},{"name":"White Hibiscus","link":"/wiki/White_Hibiscus","buy":"650   1","harvest":["125","26"],"time":"1h 30m","seasons":[],"type":"Flowers","profit":[{"level":"1","standard":"125","flat":"100"},{"level":"25","standard":"170","flat":"136"},{"level":"50","standard":"239","flat":"174"},{"level":"75","standard":"264","flat":"211"},{"level":"100","standard":"311","flat":"249"},{"level":"125","standard":"358","flat":"286"},{"level":"150","standard":"404","flat":"324"},{"level":"175","standard":"451","flat":"361"},{"level":"200","standard":"498","flat":"398"},{"level":"225","standard":"545","flat":""},{"level":"250","standard":"592","flat":""}]},{"name":"Saffron Crocus","link":"/wiki/Saffron_Crocus","buy":"2 70","harvest":["100","","750"],"time":"3d","seasons":[],"type":"Spice","profit":[{"level":"1","standard":"100","flat":"80"},{"level":"25","standard":"136","flat":"109"},{"level":"50","standard":"173","flat":"139"},{"level":"75","standard":"211","flat":"169"},{"level":"100","standard":"249","flat":"199"},{"level":"125","standard":"286","flat":"229"},{"level":"150","standard":"323","flat":"259"},{"level":"175","standard":"361","flat":"289"},{"level":"200","standard":"398","flat":"319"},{"level":"225","standard":"436","flat":""},{"level":"250","standard":"473","flat":""}]},{"name":"Blue Hydrangea","link":"/wiki/Blue_Hydrangea","buy":"3.50K   7","harvest":["750","70"],"time":"3h","seasons":[],"type":"Flowers","profit":[{"level":"1","standard":"750","flat":"600"},{"level":"25","standard":"1.02k","flat":"816"},{"level":"50","standard":"1.30k","flat":"1.04k"},{"level":"75","standard":"1.58k","flat":"1.27k"},{"level":"100","standard":"1.86k","flat":"1.49k"},{"level":"125","standard":"2.41k","flat":"1.72k"},{"level":"150","standard":"2.43k","flat":"1.94k"},{"level":"175","standard":"2.71k","flat":"2.17k"},{"level":"200","standard":"2.99k","flat":"2.39k"},{"level":"225","standard":"3.27k","flat":""},{"level":"250","standard":"3.55k","flat":""}]},{"name":"Purple Hydrangea","link":"/wiki/Purple_Hydrangea","buy":"12.5K   25","harvest":["1.10k","105"],"time":"3h","seasons":[],"type":"Flowers","profit":[{"level":"1","standard":"1.10k","flat":"880"},{"level":"25","standard":"1.50k","flat":"1.20k"},{"level":"50","standard":"1.91k","flat":"1.53k"},{"level":"75","standard":"2.32k","flat":"1.86k"},{"level":"100","standard":"2.73k","flat":"2.19k"},{"level":"125","standard":"3.15k","flat":"2.52k"},{"level":"150","standard":"3.56k","flat":"2.85k"},{"level":"175","standard":"3.97k","flat":"3.18k"},{"level":"200","standard":"4.38k","flat":"3.51k"},{"level":"225","standard":"4.80k","flat":""},{"level":"250","standard":"5.21k","flat":""}]},{"name":"Annabelle Hydrangea","link":"/wiki/Annabelle_Hydrangea","buy":"22.50K   225","harvest":["1.25k","120"],"time":"3h","seasons":[],"type":"Flowers","profit":[{"level":"1","standard":"1.25k","flat":"1.00k"},{"level":"25","standard":"1.70k","flat":"1.36k"},{"level":"50","standard":"2.17k","flat":"1.74k"},{"level":"75","standard":"2.64k","flat":"2.11k"},{"level":"100","standard":"3.11k","flat":"2.48k"},{"level":"125","standard":"3.58k","flat":"2.86k"},{"level":"150","standard":"4.04k","flat":"3.23k"},{"level":"175","standard":"4.51k","flat":"3.61k"},{"level":"200","standard":"4.98k","flat":"3.98k"},{"level":"225","standard":"5.45k","flat":"4.36k"},{"level":"250","standard":"5.92k","flat":"4.74k"}]},{"name":"Pink Hydrangea","link":"/wiki/Pink_Hydrangea","buy":"8.00K   16","harvest":["1.00K","85"],"time":"3h","seasons":[],"type":"Flowers","profit":[{"level":"1","standard":"1.00k","flat":"800"},{"level":"25","standard":"1.36k","flat":"1.09k"},{"level":"50","standard":"1.74k","flat":"1.39k"},{"level":"75","standard":"2.11k","flat":"1.69k"},{"level":"100","standard":"2.48k","flat":"1.99k"},{"level":"125","standard":"2.86k","flat":"2.29k"},{"level":"150","standard":"3.23k","flat":"2.59k"},{"level":"175","standard":"3.61k","flat":"2.89k"},{"level":"200","standard":"3.98k","flat":"3.19k"},{"level":"225","standard":"4.36k","flat":""},{"level":"250","standard":"4.74k","flat":""}]},{"name":"Hydrangea","link":"/wiki/Hydrangea","buy":"750   1","harvest":["350","42"],"time":"3h","seasons":[],"type":"Flowers","profit":[{"level":"1","standard":"350","flat":"280"},{"level":"25","standard":"476","flat":"381"},{"level":"50","standard":"607","flat":"486"},{"level":"75","standard":"739","flat":"591"},{"level":"100","standard":"870","flat":"696"},{"level":"125","standard":"1.00k","flat":"801"},{"level":"150","standard":"1.13k","flat":"906"},{"level":"175","standard":"1.26k","flat":"1.01k"},{"level":"200","standard":"1.39k","flat":"1.12k"},{"level":"225","standard":"1.53k","flat":""},{"level":"250","standard":"1.66k","flat":""}]},{"name":"Poppy","link":"/wiki/Poppy","buy":"700   1","harvest":["300","30"],"time":"2h","seasons":[],"type":"Flowers","profit":[{"level":"1","standard":"300","flat":"240"},{"level":"25","standard":"408","flat":"326"},{"level":"50","standard":"520","flat":"416"},{"level":"75","standard":"633","flat":"506"},{"level":"100","standard":"746","flat":"596"},{"level":"125","standard":"858","flat":"686"},{"level":"150","standard":"970","flat":"776"},{"level":"175","standard":"1.08k","flat":"866"},{"level":"200","standard":"1.20k","flat":"956"},{"level":"225","standard":"1.31k","flat":""},{"level":"250","standard":"1.42k","flat":""}]},{"name":"California Poppy","link":"/wiki/California_Poppy","buy":"3.00K   6","harvest":["1.00K","75"],"time":"4h","seasons":[],"type":"Flowers","profit":[{"level":"1","standard":"1.00k","flat":"800"},{"level":"25","standard":"1.36k","flat":"1.09k"},{"level":"50","standard":"1.74k","flat":"1.39k"},{"level":"75","standard":"2.11k","flat":"1.69k"},{"level":"100","standard":"2.48k","flat":"1.9k"},{"level":"125","standard":"2.86k","flat":"2.29k"},{"level":"150","standard":"3.23k","flat":"2.59k"},{"level":"175","standard":"3.61k","flat":"2.89k"},{"level":"200","standard":"3.98k","flat":"3.19k"},{"level":"225","standard":"4.36k","flat":""},{"level":"250","standard":"4.74k","flat":""}]},{"name":"Flax","link":"/wiki/Flax","buy":"1.00K   2","harvest":["1.00K","105"],"time":"12h","seasons":[],"type":"Flowers","profit":[{"level":"1","standard":"1.00k","flat":"800"},{"level":"25","standard":"1.36k","flat":"1.09k"},{"level":"50","standard":"1.74k","flat":"1.39k"},{"level":"75","standard":"2.11k","flat":"1.69k"},{"level":"100","standard":"2.48k","flat":"1.99k"},{"level":"125","standard":"2.86k","flat":"2.29k"},{"level":"150","standard":"3.23k","flat":"2.59k"},{"level":"175","standard":"3.61k","flat":"2.89k"},{"level":"200","standard":"3.98k","flat":"3.19k"},{"level":"225","standard":"4.36k","flat":""},{"level":"250","standard":"4.74k","flat":""}]},{"name":"White Daffodil","link":"/wiki/White_Daffodil","buy":"4.50K   9","harvest":["350","38"],"time":"1h","seasons":[],"type":"Flowers","profit":[{"level":"1","standard":"350","flat":"280"},{"level":"25","standard":"476","flat":"381"},{"level":"50","standard":"607","flat":"486"},{"level":"75","standard":"739","flat":"591"},{"level":"100","standard":"870","flat":"696"},{"level":"125","standard":"1.00k","flat":"801"},{"level":"150","standard":"1.13k","flat":"906"},{"level":"175","standard":"1.26k","flat":"1.01k"},{"level":"200","standard":"1.39k","flat":"1.12k"},{"level":"225","standard":"1.53k","flat":""},{"level":"250","standard":"1.66k","flat":""}]},{"name":"Yellow Daffodil","link":"/wiki/Yellow_Daffodil","buy":"9.00K   18","harvest":["400","47"],"time":"1h","seasons":[],"type":"Flowers","profit":[{"level":"1","standard":"400","flat":"320"},{"level":"25","standard":"544","flat":"435"},{"level":"50","standard":"694","flat":"555"},{"level":"75","standard":"844","flat":"675"},{"level":"100","standard":"994","flat":"795"},{"level":"125","standard":"1.14k","flat":"915"},{"level":"150","standard":"1.29k","flat":"1.03k"},{"level":"175","standard":"1.44k","flat":"1.15k"},{"level":"200","standard":"1.59k","flat":"1.27k"},{"level":"225","standard":"1.74k","flat":""},{"level":"250","standard":"1.89k","flat":""}]},{"name":"Purple Daffodil","link":"/wiki/Purple_Daffodil","buy":"14.00K   28","harvest":["500","55"],"time":"1h","seasons":[],"type":"Flowers","profit":[{"level":"1","standard":"500","flat":"400"},{"level":"25","standard":"680","flat":"544"},{"level":"50","standard":"867","flat":"694"},{"level":"75","standard":"1.05k","flat":"844"},{"level":"100","standard":"1.24k","flat":"994"},{"level":"125","standard":"1.43k","flat":"1.14k"},{"level":"150","standard":"1.62k","flat":"1.29k"},{"level":"175","standard":"1.80k","flat":"1.44k"},{"level":"200","standard":"1.99k","flat":"1.59k"},{"level":"225","standard":"2.18k","flat":""},{"level":"250","standard":"2.37k","flat":""}]},{"name":"Pink Daffodil","link":"/wiki/Pink_Daffodil","buy":"1.00K   2","harvest":["120","27"],"time":"1h","seasons":[],"type":"Flowers","profit":[{"level":"1","standard":"120","flat":"96"},{"level":"25","standard":"163","flat":"131"},{"level":"50","standard":"208","flat":"167"},{"level":"75","standard":"253","flat":"203"},{"level":"100","standard":"298","flat":"239"},{"level":"125","standard":"343","flat":"275"},{"level":"150","standard":"388","flat":"311"},{"level":"175","standard":"433","flat":"347"},{"level":"200","standard":"478","flat":"383"},{"level":"225","standard":"523","flat":""},{"level":"250","standard":"568","flat":""}]},{"name":"Sevilla Tulip","link":"/wiki/Sevilla_Tulip","buy":"1.80K   4","harvest":["3.00K","290"],"time":"2d","seasons":[],"type":"Flowers","profit":[{"level":"1","standard":"3.00k","flat":"2.40k"},{"level":"25","standard":"4.08k","flat":"3.26k"},{"level":"50","standard":"5.20k","flat":"4.16k"},{"level":"75","standard":"6.33k","flat":"5.06k"},{"level":"100","standard":"7.45k","flat":"5.96k"},{"level":"125","standard":"8.58k","flat":"6.86k"},{"level":"150","standard":"9.70k","flat":"7.76k"},{"level":"175","standard":"10.83k","flat":"8.66k"},{"level":"200","standard":"11.95k","flat":"9.56k"},{"level":"225","standard":"13.08k","flat":""},{"level":"250","standard":"14.20k","flat":""}]},{"name":"Strong Gold Tulip","link":"/wiki/Strong_Gold_Tulip","buy":"3.70K   7","harvest":["5.80K","360"],"time":"2d","seasons":[],"type":"Flowers","profit":[{"level":"1","standard":"5.80k","flat":"4.64k"},{"level":"25","standard":"7.89k","flat":"6.31k"},{"level":"50","standard":"10.06k","flat":"8.05k"},{"level":"75","standard":"12.24k","flat":"9.79k"},{"level":"100","standard":"14.41k","flat":"11.53k"},{"level":"125","standard":"16.59k","flat":"13.27k"},{"level":"150","standard":"18.76k","flat":"15.01k"},{"level":"175","standard":"20.94k","flat":"16.75k"},{"level":"200","standard":"23.11k","flat":"18.49k"},{"level":"225","standard":"25.29k","flat":"20.23k"},{"level":"250","standard":"27.46k","flat":"21.97k"}]},{"name":"Fosteriana Tulip","link":"/wiki/Fosteriana_Tulip","buy":"7.50K   15","harvest":["10.00K","450"],"time":"2d","seasons":[],"type":"Flowers","profit":[{"level":"1","standard":"10.00k","flat":"8.00k"},{"level":"25","standard":"13.60k","flat":"10.88k"},{"level":"50","standard":"17.35k","flat":"13.8kk"},{"level":"75","standard":"21.10k","flat":"16.88k"},{"level":"100","standard":"24.85k","flat":"19.88k"},{"level":"125","standard":"28.60k","flat":"22.88k"},{"level":"150","standard":"32.35k","flat":"25.88k"},{"level":"175","standard":"36.10k","flat":"28.88k"},{"level":"200","standard":"39.85k","flat":"31.88k"},{"level":"225","standard":"43.60k","flat":"34.88k"},{"level":"250","standard":"47.35k","flat":"37.88k"}]},{"name":"China Pink Tulip","link":"/wiki/China_Pink_Tulip","buy":"12.00K   24","harvest":["12.00K","520"],"time":"2d","seasons":[],"type":"Flowers","profit":[{"level":"1","standard":"12.00k","flat":""},{"level":"25","standard":"","flat":""},{"level":"50","standard":"","flat":""},{"level":"75","standard":"","flat":""},{"level":"100","standard":"","flat":""},{"level":"125","standard":"","flat":""},{"level":"150","standard":"","flat":""},{"level":"175","standard":"","flat":""},{"level":"200","standard":"","flat":""},{"level":"225","standard":"","flat":""},{"level":"250","standard":"","flat":""}]},{"name":"Queen of Night Tulip","link":"/wiki/Queen_of_Night_Tulip","buy":"30.00K   60","harvest":["18.00K","650"],"time":"2d","seasons":[],"type":"Flowers","profit":[{"level":"1","standard":"18.00k","flat":""},{"level":"25","standard":"","flat":""},{"level":"50","standard":"","flat":""},{"level":"75","standard":"","flat":""},{"level":"100","standard":"","flat":""},{"level":"125","standard":"","flat":""},{"level":"150","standard":"","flat":""},{"level":"175","standard":"","flat":""},{"level":"200","standard":"","flat":""},{"level":"225","standard":"","flat":""},{"level":"250","standard":"","flat":""}]},{"name":"Lavender","link":"/wiki/Lavender","buy":"2.50K   5","harvest":["3.00K","210"],"time":"1d","seasons":[],"type":"Flowers","profit":[{"level":"1","standard":"3.00k","flat":"2.40k"},{"level":"25","standard":"4.08k","flat":"3.26k"},{"level":"50","standard":"5.20k","flat":"4.16k"},{"level":"75","standard":"6.33k","flat":"5.06k"},{"level":"100","standard":"7.45k","flat":"5.96k"},{"level":"125","standard":"8.58k","flat":"6.86k"},{"level":"150","standard":"9.70k","flat":"7.76k"},{"level":"175","standard":"10.83k","flat":"8.66k"},{"level":"200","standard":"11.95k","flat":"9.56k"},{"level":"225","standard":"13.08k","flat":""},{"level":"250","standard":"14.20k","flat":""}]},{"name":"Oleander","link":"/wiki/Oleander","buy":"2.80K   6","harvest":["1.80K","130"],"time":"10h","seasons":[],"type":"Flowers","profit":[{"level":"1","standard":"1.80k","flat":"1.44k"},{"level":"25","standard":"2.45k","flat":"1.96k"},{"level":"50","standard":"3.12k","flat":"2.50k"},{"level":"75","standard":"3.80k","flat":"3.04k"},{"level":"100","standard":"4.47k","flat":"3.58k"},{"level":"125","standard":"5.15k","flat":"4.12k"},{"level":"150","standard":"5.82k","flat":"4.66k"},{"level":"175","standard":"6.50k","flat":"5.20k"},{"level":"200","standard":"7.17k","flat":"5.74k"},{"level":"225","standard":"7.85k","flat":""},{"level":"250","standard":"8.52k","flat":""}]},{"name":"Rosemary","link":"/wiki/Rosemary","buy":"1 10","harvest":["25","","300"],"time":"1d 12h","seasons":[],"type":"Spice","profit":[{"level":"1","standard":"25","flat":"20"},{"level":"25","standard":"34","flat":"27"},{"level":"50","standard":"43","flat":"35"},{"level":"75","standard":"53","flat":"42"},{"level":"100","standard":"62","flat":"50"},{"level":"125","standard":"72","flat":"57"},{"level":"150","standard":"81","flat":"65"},{"level":"175","standard":"90","flat":"72"},{"level":"200","standard":"100","flat":"80"},{"level":"225","standard":"109","flat":""},{"level":"250","standard":"118","flat":""}]},{"name":"Blue Bellflower","link":"/wiki/Blue_Bellflower","buy":"7.00K   14","harvest":["2.70K","180"],"time":"12h","seasons":[],"type":"Flowers","profit":[{"level":"1","standard":"2.70k","flat":"2.16k"},{"level":"25","standard":"3.67k","flat":"2.94k"},{"level":"50","standard":"4.68k","flat":"3.75k"},{"level":"75","standard":"5.70k","flat":"4.56k"},{"level":"100","standard":"6.71k","flat":"5.37k"},{"level":"125","standard":"7.72k","flat":"6.18k"},{"level":"150","standard":"8.73k","flat":"6.99k"},{"level":"175","standard":"9.75k","flat":"7.80k"},{"level":"200","standard":"10.76k","flat":"8.61k"},{"level":"225","standard":"11.77k","flat":""},{"level":"250","standard":"12.78k","flat":""}]},{"name":"White Bellflower","link":"/wiki/White_Bellflower","buy":"12.00K   24","harvest":["3.75K","230"],"time":"12h","seasons":[],"type":"Flowers","profit":[{"level":"1","standard":"3.75k","flat":"3.00k"},{"level":"25","standard":"5.10k","flat":"4.08k"},{"level":"50","standard":"6.51k","flat":"5.20k"},{"level":"75","standard":"7.91k","flat":"6.33k"},{"level":"100","standard":"9.32k","flat":"7.45k"},{"level":"125","standard":"10.73k","flat":"8.58k"},{"level":"150","standard":"12.13k","flat":"9.70k"},{"level":"175","standard":"13.54k","flat":"10.83k"},{"level":"200","standard":"17.94k","flat":"11.95k"},{"level":"225","standard":"16.35k","flat":""},{"level":"250","standard":"17.76k","flat":""}]},{"name":"Red Bellflower","link":"/wiki/Red_Bellflower","buy":"22.00K   44","harvest":["4.75K","260"],"time":"12h","seasons":[],"type":"Flowers","profit":[{"level":"1","standard":"4.75k","flat":"3.80k"},{"level":"25","standard":"6.46k","flat":"5.17k"},{"level":"50","standard":"8.24k","flat":"6.59k"},{"level":"75","standard":"10.02k","flat":"8.02k"},{"level":"100","standard":"11.80k","flat":"9.44k"},{"level":"125","standard":"13.59k","flat":"10.87k"},{"level":"150","standard":"15.37k","flat":"12.29k"},{"level":"175","standard":"17.15k","flat":"13.72k"},{"level":"200","standard":"18.93k","flat":"15.14k"},{"level":"225","standard":"20.71k","flat":""},{"level":"250","standard":"22.49k","flat":""}]},{"name":"Purple Bellflower","link":"/wiki/Purple_Bellflower","buy":"35.00K   70","harvest":["5.50K","290"],"time":"12h","seasons":[],"type":"Flowers","profit":[{"level":"1","standard":"5.50k","flat":"4.40k"},{"level":"25","standard":"7.48k","flat":"5.98k"},{"level":"50","standard":"9.54k","flat":"7.63k"},{"level":"75","standard":"11.60k","flat":"9.28k"},{"level":"100","standard":"13.67k","flat":"10.993k"},{"level":"125","standard":"15.73k","flat":"12.58k"},{"level":"150","standard":"17.79k","flat":"14.23k"},{"level":"175","standard":"19.85k","flat":"15.88k"},{"level":"200","standard":"21.92k","flat":"17.53k"},{"level":"225","standard":"23.98k","flat":"19.18k"},{"level":"250","standard":"26.04k","flat":"20.83k"}]},{"name":"Pink Wisteria","link":"/wiki/Pink_Wisteria","buy":"11.00K   22","harvest":["2.00K","130"],"time":"5h","seasons":[],"type":"Flowers","profit":[{"level":"1","standard":"2.00k","flat":"1.60k"},{"level":"25","standard":"2.72k","flat":"2.18k"},{"level":"50","standard":"3.47k","flat":"2.78k"},{"level":"75","standard":"4.22k","flat":"3.38k"},{"level":"100","standard":"4.97k","flat":"3.98k"},{"level":"125","standard":"5.72k","flat":"4.58k"},{"level":"150","standard":"6.47k","flat":"5.18k"},{"level":"175","standard":"7.22k","flat":"5.78k"},{"level":"200","standard":"7.97k","flat":"6.38k"},{"level":"225","standard":"8.72k","flat":""},{"level":"250","standard":"9.47k","flat":""}]},{"name":"Blue Wisteria","link":"/wiki/Blue_Wisteria","buy":"16.50K   33","harvest":["2.50K","150"],"time":"5h","seasons":[],"type":"Flowers","profit":[{"level":"1","standard":"2.50","flat":"2.00"},{"level":"25","standard":"3.40","flat":"2.72"},{"level":"50","standard":"4.34","flat":"3.47"},{"level":"75","standard":"5.28","flat":"4.22"},{"level":"100","standard":"6.21","flat":"4.97"},{"level":"125","standard":"7.15","flat":"5.72"},{"level":"150","standard":"8.09","flat":"6.47"},{"level":"175","standard":"9.02","flat":"7.22"},{"level":"200","standard":"9.96","flat":"7.97"},{"level":"225","standard":"10.90","flat":""},{"level":"250","standard":"11.84","flat":""}]},{"name":"Yellow Wisteria","link":"/wiki/Yellow_Wisteria","buy":"32.00K   64","harvest":["3.00K","170"],"time":"5h","seasons":[],"type":"Flowers","profit":[{"level":"1","standard":"3.00k","flat":"2.40k"},{"level":"25","standard":"4.08k","flat":"3.26k"},{"level":"50","standard":"5.20k","flat":"4.16k"},{"level":"75","standard":"6.33k","flat":"5.06k"},{"level":"100","standard":"7.45k","flat":"5.96k"},{"level":"125","standard":"8.58k","flat":"6.86k"},{"level":"150","standard":"9.70k","flat":"7.76k"},{"level":"175","standard":"10.83k","flat":"8.66k"},{"level":"200","standard":"11.95k","flat":"9.56k"},{"level":"225","standard":"13.08k","flat":""},{"level":"250","standard":"14.20k","flat":""}]},{"name":"Mustard","link":"/wiki/Mustard","buy":"2 20","harvest":["30","","190"],"time":"10h","seasons":[],"type":"Spice","profit":[{"level":"1","standard":"30","flat":"24"},{"level":"25","standard":"41","flat":"33"},{"level":"50","standard":"52","flat":"42"},{"level":"75","standard":"63","flat":"51"},{"level":"100","standard":"75","flat":"60"},{"level":"125","standard":"86","flat":"69"},{"level":"150","standard":"97","flat":"78"},{"level":"175","standard":"108","flat":"87"},{"level":"200","standard":"120","flat":"96"},{"level":"225","standard":"131","flat":""},{"level":"250","standard":"142","flat":""}]},{"name":"Green Tea","link":"/wiki/Green_Tea","buy":"4 40","harvest":["50","","450"],"time":"1d","seasons":[],"type":"Spice","profit":[{"level":"1","standard":"50","flat":"40"},{"level":"25","standard":"68","flat":"54"},{"level":"50","standard":"87","flat":"69"},{"level":"75","standard":"106","flat":"84"},{"level":"100","standard":"124","flat":"99"},{"level":"125","standard":"143","flat":"114"},{"level":"150","standard":"162","flat":"129"},{"level":"175","standard":"180","flat":"144"},{"level":"200","standard":"199","flat":"159"},{"level":"225","standard":"218","flat":""},{"level":"250","standard":"237","flat":""}]},{"name":"Red Tea","link":"/wiki/Red_Tea","buy":"6 60","harvest":["60","","470"],"time":"1d","seasons":[],"type":"Spice","profit":[{"level":"1","standard":"60","flat":"48"},{"level":"25","standard":"82","flat":"65"},{"level":"50","standard":"104","flat":"83"},{"level":"75","standard":"127","flat":"101"},{"level":"100","standard":"149","flat":"119"},{"level":"125","standard":"172","flat":"1337"},{"level":"150","standard":"194","flat":"155"},{"level":"175","standard":"217","flat":"173"},{"level":"200","standard":"239","flat":"191"},{"level":"225","standard":"262","flat":""},{"level":"250","standard":"284","flat":""}]},{"name":"Black Tea","link":"/wiki/Black_Tea","buy":"10 100","harvest":["75","","500"],"time":"1d","seasons":[],"type":"Spice","profit":[{"level":"1","standard":"75","flat":"60"},{"level":"25","standard":"102","flat":"82"},{"level":"50","standard":"130","flat":"104"},{"level":"75","standard":"158","flat":"127"},{"level":"100","standard":"186","flat":"149"},{"level":"125","standard":"215","flat":"172"},{"level":"150","standard":"243","flat":"194"},{"level":"175","standard":"271","flat":"217"},{"level":"200","standard":"299","flat":"239"},{"level":"225","standard":"327","flat":"262"},{"level":"250","standard":"355","flat":"284"}]},{"name":"Venus Flytrap","link":"/wiki/Venus_Flytrap","buy":"10.00K   20","harvest":["1.20K","85"],"time":"2h 30m","seasons":[],"type":"Flowers","profit":[{"level":"1","standard":"1.20k","flat":"960"},{"level":"25","standard":"1.63k","flat":"1.31k"},{"level":"50","standard":"2.08k","flat":"1.67k"},{"level":"75","standard":"2.53k","flat":"2.03k"},{"level":"100","standard":"2.98k","flat":"2.39k"},{"level":"125","standard":"3.43k","flat":"2.75k"},{"level":"150","standard":"3.88k","flat":"3.11k"},{"level":"175","standard":"4.33k","flat":"3.47k"},{"level":"200","standard":"4.78k","flat":"3.83k"},{"level":"225","standard":"5.23k","flat":""},{"level":"250","standard":"5.68k","flat":""}]},{"name":"Common Lilac","link":"/wiki/Common_Lilac","buy":"5.00k   10","harvest":["4.60k","260"],"time":"1d","seasons":[],"type":"Flowers","profit":[{"level":"1","standard":"4.60k","flat":"3.68k"},{"level":"25","standard":"6.26k","flat":"5.01k"},{"level":"50","standard":"7.98k","flat":"6.39k"},{"level":"75","standard":"9.71k","flat":"7.76k"},{"level":"100","standard":"11.43k","flat":"9.15k"},{"level":"125","standard":"13.16k","flat":"10.52k"},{"level":"150","standard":"14.88k","flat":"11.90k"},{"level":"175","standard":"16.61k","flat":"13.28k"},{"level":"200","standard":"18.33k","flat":"14.66k"},{"level":"225","standard":"20.06k","flat":""},{"level":"250","standard":"21.78k","flat":""}]},{"name":"White Lilac","link":"/wiki/White_Lilac","buy":"13.50K   27","harvest":["6.50K","350"],"time":"1d","seasons":[],"type":"Flowers","profit":[{"level":"1","standard":"6.50k","flat":"5.20k"},{"level":"25","standard":"8.84k","flat":"7.07k"},{"level":"50","standard":"11.28k","flat":"9.02k"},{"level":"75","standard":"13.72k","flat":"10.97k"},{"level":"100","standard":"16.15k","flat":"12.92k"},{"level":"125","standard":"18.59k","flat":"14.84k"},{"level":"150","standard":"21.03k","flat":"16.82k"},{"level":"175","standard":"23.47k","flat":"18.77k"},{"level":"200","standard":"25.90k","flat":"20.72k"},{"level":"225","standard":"28.34k","flat":"22.67k"},{"level":"250","standard":"30.78k","flat":"24.62k"}]},{"name":"Pink Lilac","link":"/wiki/Pink_Lilac","buy":"32.50k   65","harvest":["9.50k","435"],"time":"1d","seasons":[],"type":"Flowers","profit":[{"level":"1","standard":"9.50k","flat":"7.60k"},{"level":"25","standard":"12.92k","flat":"10.34k"},{"level":"50","standard":"16.48k","flat":"13.19k"},{"level":"75","standard":"20.05k","flat":"16.04k"},{"level":"100","standard":"23.61k","flat":"18.89k"},{"level":"125","standard":"27.17k","flat":"21.74k"},{"level":"150","standard":"30.73k","flat":"24.59k"},{"level":"175","standard":"34.29k","flat":"27.44k"},{"level":"200","standard":"37.86k","flat":"30.29k"},{"level":"225","standard":"41.42k","flat":"33.14k"},{"level":"250","standard":"44.98k","flat":"35.99k"}]},{"name":"Jupiter's Beard","link":"/wiki/Jupiter%27s_Beard","buy":"7.25K   14","harvest":["2.15K","150"],"time":"8h","seasons":[],"type":"Flowers","profit":[{"level":"1","standard":"2.15k","flat":""},{"level":"25","standard":"2.92k","flat":""},{"level":"50","standard":"3.73k","flat":""},{"level":"75","standard":"4.54k","flat":""},{"level":"100","standard":"5.34k","flat":""},{"level":"125","standard":"6.15k","flat":""},{"level":"150","standard":"6.95k","flat":""},{"level":"175","standard":"7.76k","flat":""},{"level":"200","standard":"8.57k","flat":""},{"level":"225","standard":"9.37k","flat":""},{"level":"250","standard":"10.18k","flat":""}]},{"name":"Blue Orchid","link":"/wiki/Blue_Orchid","buy":"2.75k   5","harvest":["3.40k","400"],"time":"3d","seasons":[],"type":"Flowers","profit":[{"level":"1","standard":"3.40k","flat":""},{"level":"25","standard":"4.62k","flat":""},{"level":"50","standard":"5.90k","flat":""},{"level":"75","standard":"7.17k","flat":""},{"level":"100","standard":"8.45k","flat":""},{"level":"125","standard":"9.72k","flat":""},{"level":"150","standard":"11.00k","flat":""},{"level":"175","standard":"12.27k","flat":""},{"level":"200","standard":"13.55k","flat":""},{"level":"225","standard":"14.82k","flat":""},{"level":"250","standard":"16.10k","flat":""}]},{"name":"Yellow Orchid","link":"/wiki/Yellow_Orchid","buy":"6.50K   13","harvest":["12.00K","535"],"time":"3d","seasons":[],"type":"Flowers","profit":[{"level":"1","standard":"12.00k","flat":""},{"level":"25","standard":"","flat":""},{"level":"50","standard":"","flat":""},{"level":"75","standard":"","flat":""},{"level":"100","standard":"","flat":""},{"level":"125","standard":"","flat":""},{"level":"150","standard":"","flat":""},{"level":"175","standard":"","flat":""},{"level":"200","standard":"","flat":""},{"level":"225","standard":"","flat":""},{"level":"250","standard":"","flat":""}]},{"name":"Red Orchid","link":"/wiki/Red_Orchid","buy":"9.50K   19","harvest":["18.00K","720"],"time":"3d 18h","seasons":[],"type":"Flowers","profit":[{"level":"1","standard":"","flat":""},{"level":"25","standard":"","flat":""},{"level":"50","standard":"","flat":""},{"level":"75","standard":"","flat":""},{"level":"100","standard":"","flat":""},{"level":"125","standard":"","flat":""},{"level":"150","standard":"","flat":""},{"level":"175","standard":"","flat":""},{"level":"200","standard":"","flat":""},{"level":"225","standard":"","flat":""},{"level":"250","standard":"","flat":""}]},{"name":"White Orchid","link":"/wiki/White_Orchid","buy":"13.50K   27","harvest":["28.00K","810"],"time":"3d 18h","seasons":[],"type":"Flowers","profit":[{"level":"1","standard":"","flat":""},{"level":"25","standard":"","flat":""},{"level":"50","standard":"","flat":""},{"level":"75","standard":"","flat":""},{"level":"100","standard":"","flat":""},{"level":"125","standard":"","flat":""},{"level":"150","standard":"","flat":""},{"level":"175","standard":"","flat":""},{"level":"200","standard":"","flat":""},{"level":"225","standard":"","flat":""},{"level":"250","standard":"","flat":""}]}]