[{"name":"Oregano","link":"/wiki/Oregano","buy":"25  50","harvest":["10","","68"],"time":"4h","seasons":[],"type":"Spice","profit":[{"level":"1","standard":"10","flat":""},{"level":"25","standard":"","flat":""},{"level":"50","standard":"","flat":""},{"level":"75","standard":"","flat":""},{"level":"100","standard":"","flat":""},{"level":"125","standard":"","flat":""},{"level":"150","standard":"","flat":""},{"level":"175","standard":"","flat":""},{"level":"200","standard":"","flat":""},{"level":"225","standard":"","flat":""},{"level":"250","standard":"","flat":""}]}]