{"url":"http://localhost:3001/test.html","date":"2021-08-25T17:33:38.745Z","title":"Pokémon - Generation I Pokémon","data":[{"id":"001","image":"/swordshield/pokemon/001.png","name":"Bulbasaur","type":"grass,poison","stats":{"hp":"45","atk":"49","def":"49","satk":"65","sdef":"65","spd":"45"}},{"id":"002","image":"/swordshield/pokemon/002.png","name":"Ivysaur","type":"grass,poison","stats":{"hp":"60","atk":"62","def":"63","satk":"80","sdef":"80","spd":"60"}},{"id":"003","image":"/swordshield/pokemon/003.png","name":"Venusaur","type":"grass,poison","stats":{"hp":"80","atk":"82","def":"83","satk":"100","sdef":"100","spd":"80"}},{"id":"004","image":"/swordshield/pokemon/004.png","name":"Charmander","type":"fire","stats":{"hp":"39","atk":"52","def":"43","satk":"60","sdef":"50","spd":"65"}},{"id":"005","image":"/swordshield/pokemon/005.png","name":"Charmeleon","type":"fire","stats":{"hp":"58","atk":"64","def":"58","satk":"80","sdef":"65","spd":"80"}},{"id":"006","image":"/swordshield/pokemon/006.png","name":"Charizard","type":"fire,flying","stats":{"hp":"78","atk":"84","def":"78","satk":"109","sdef":"85","spd":"100"}},{"id":"007","image":"/swordshield/pokemon/007.png","name":"Squirtle","type":"water","stats":{"hp":"44","atk":"48","def":"65","satk":"50","sdef":"64","spd":"43"}},{"id":"008","image":"/swordshield/pokemon/008.png","name":"Wartortle","type":"water","stats":{"hp":"59","atk":"63","def":"80","satk":"65","sdef":"80","spd":"58"}},{"id":"009","image":"/swordshield/pokemon/009.png","name":"Blastoise","type":"water","stats":{"hp":"79","atk":"83","def":"100","satk":"85","sdef":"105","spd":"78"}},{"id":"010","image":"/swordshield/pokemon/010.png","name":"Caterpie","type":"bug","stats":{"hp":"45","atk":"30","def":"35","satk":"20","sdef":"20","spd":"45"}},{"id":"011","image":"/swordshield/pokemon/011.png","name":"Metapod","type":"bug","stats":{"hp":"50","atk":"20","def":"55","satk":"25","sdef":"25","spd":"30"}},{"id":"012","image":"/swordshield/pokemon/012.png","name":"Butterfree","type":"bug,flying","stats":{"hp":"60","atk":"45","def":"50","satk":"90","sdef":"80","spd":"70"}},{"id":"013","image":"/swordshield/pokemon/013.png","name":"Weedle","type":"bug,poison","stats":{"hp":"40","atk":"35","def":"30","satk":"20","sdef":"20","spd":"50"}},{"id":"014","image":"/swordshield/pokemon/014.png","name":"Kakuna","type":"bug,poison","stats":{"hp":"45","atk":"25","def":"50","satk":"25","sdef":"25","spd":"35"}},{"id":"015","image":"/swordshield/pokemon/015.png","name":"Beedrill","type":"bug,poison","stats":{"hp":"65","atk":"90","def":"40","satk":"45","sdef":"80","spd":"75"}},{"id":"016","image":"/swordshield/pokemon/016.png","name":"Pidgey","type":"normal,flying","stats":{"hp":"40","atk":"45","def":"40","satk":"35","sdef":"35","spd":"56"}},{"id":"017","image":"/swordshield/pokemon/017.png","name":"Pidgeotto","type":"normal,flying","stats":{"hp":"63","atk":"60","def":"55","satk":"50","sdef":"50","spd":"71"}},{"id":"018","image":"/swordshield/pokemon/018.png","name":"Pidgeot","type":"normal,flying","stats":{"hp":"83","atk":"80","def":"75","satk":"70","sdef":"70","spd":"101"}},{"id":"019","image":"/swordshield/pokemon/019.png","name":"Rattata","type":"normal","stats":{"hp":"30","atk":"56","def":"35","satk":"25","sdef":"35","spd":"72"}},{"id":"020","image":"/swordshield/pokemon/020.png","name":"Raticate","type":"normal","stats":{"hp":"55","atk":"81","def":"60","satk":"50","sdef":"70","spd":"97"}},{"id":"021","image":"/swordshield/pokemon/021.png","name":"Spearow","type":"normal,flying","stats":{"hp":"40","atk":"60","def":"30","satk":"31","sdef":"31","spd":"70"}},{"id":"022","image":"/swordshield/pokemon/022.png","name":"Fearow","type":"normal,flying","stats":{"hp":"65","atk":"90","def":"65","satk":"61","sdef":"61","spd":"100"}},{"id":"023","image":"/swordshield/pokemon/023.png","name":"Ekans","type":"poison","stats":{"hp":"35","atk":"60","def":"44","satk":"40","sdef":"54","spd":"55"}},{"id":"024","image":"/swordshield/pokemon/024.png","name":"Arbok","type":"poison","stats":{"hp":"60","atk":"95","def":"69","satk":"65","sdef":"79","spd":"80"}},{"id":"025","image":"/swordshield/pokemon/025.png","name":"Pikachu","type":"electric","stats":{"hp":"35","atk":"55","def":"40","satk":"50","sdef":"50","spd":"90"}},{"id":"026","image":"/swordshield/pokemon/026.png","name":"Raichu","type":"electric","stats":{"hp":"60","atk":"90","def":"55","satk":"90","sdef":"80","spd":"110"}},{"id":"027","image":"/swordshield/pokemon/027.png","name":"Sandshrew","type":"ground","stats":{"hp":"50","atk":"75","def":"85","satk":"20","sdef":"30","spd":"40"}},{"id":"028","image":"/swordshield/pokemon/028.png","name":"Sandslash","type":"ground","stats":{"hp":"75","atk":"100","def":"110","satk":"45","sdef":"55","spd":"65"}},{"id":"029","image":"/swordshield/pokemon/029.png","name":"Nidoran♀","type":"poison","stats":{"hp":"55","atk":"47","def":"52","satk":"40","sdef":"40","spd":"41"}},{"id":"030","image":"/swordshield/pokemon/030.png","name":"Nidorina","type":"poison","stats":{"hp":"70","atk":"62","def":"67","satk":"55","sdef":"55","spd":"56"}},{"id":"031","image":"/swordshield/pokemon/031.png","name":"Nidoqueen","type":"poison,ground","stats":{"hp":"90","atk":"92","def":"87","satk":"75","sdef":"85","spd":"76"}},{"id":"032","image":"/swordshield/pokemon/032.png","name":"Nidoran♂","type":"poison","stats":{"hp":"46","atk":"57","def":"40","satk":"40","sdef":"40","spd":"50"}},{"id":"033","image":"/swordshield/pokemon/033.png","name":"Nidorino","type":"poison","stats":{"hp":"61","atk":"72","def":"57","satk":"55","sdef":"55","spd":"65"}},{"id":"034","image":"/swordshield/pokemon/034.png","name":"Nidoking","type":"poison,ground","stats":{"hp":"81","atk":"102","def":"77","satk":"85","sdef":"75","spd":"85"}},{"id":"035","image":"/swordshield/pokemon/035.png","name":"Clefairy","type":"fairy","stats":{"hp":"70","atk":"45","def":"48","satk":"60","sdef":"65","spd":"35"}},{"id":"036","image":"/swordshield/pokemon/036.png","name":"Clefable","type":"fairy","stats":{"hp":"95","atk":"70","def":"73","satk":"95","sdef":"90","spd":"60"}},{"id":"037","image":"/swordshield/pokemon/037.png","name":"Vulpix","type":"fire","stats":{"hp":"38","atk":"41","def":"40","satk":"50","sdef":"65","spd":"65"}},{"id":"038","image":"/swordshield/pokemon/038.png","name":"Ninetales","type":"fire","stats":{"hp":"73","atk":"76","def":"75","satk":"81","sdef":"100","spd":"100"}},{"id":"039","image":"/swordshield/pokemon/039.png","name":"Jigglypuff","type":"normal,fairy","stats":{"hp":"115","atk":"45","def":"20","satk":"45","sdef":"25","spd":"20"}},{"id":"040","image":"/swordshield/pokemon/040.png","name":"Wigglytuff","type":"normal,fairy","stats":{"hp":"140","atk":"70","def":"45","satk":"85","sdef":"50","spd":"45"}},{"id":"041","image":"/swordshield/pokemon/041.png","name":"Zubat","type":"poison,flying","stats":{"hp":"40","atk":"45","def":"35","satk":"30","sdef":"40","spd":"55"}},{"id":"042","image":"/swordshield/pokemon/042.png","name":"Golbat","type":"poison,flying","stats":{"hp":"75","atk":"80","def":"70","satk":"65","sdef":"75","spd":"90"}},{"id":"043","image":"/swordshield/pokemon/043.png","name":"Oddish","type":"grass,poison","stats":{"hp":"45","atk":"50","def":"55","satk":"75","sdef":"65","spd":"30"}},{"id":"044","image":"/swordshield/pokemon/044.png","name":"Gloom","type":"grass,poison","stats":{"hp":"60","atk":"65","def":"70","satk":"85","sdef":"75","spd":"40"}},{"id":"045","image":"/swordshield/pokemon/045.png","name":"Vileplume","type":"grass,poison","stats":{"hp":"75","atk":"80","def":"85","satk":"110","sdef":"90","spd":"50"}},{"id":"046","image":"/swordshield/pokemon/046.png","name":"Paras","type":"bug,grass","stats":{"hp":"35","atk":"70","def":"55","satk":"45","sdef":"55","spd":"25"}},{"id":"047","image":"/swordshield/pokemon/047.png","name":"Parasect","type":"bug,grass","stats":{"hp":"60","atk":"95","def":"80","satk":"60","sdef":"80","spd":"30"}},{"id":"048","image":"/swordshield/pokemon/048.png","name":"Venonat","type":"bug,poison","stats":{"hp":"60","atk":"55","def":"50","satk":"40","sdef":"55","spd":"45"}},{"id":"049","image":"/swordshield/pokemon/049.png","name":"Venomoth","type":"bug,poison","stats":{"hp":"70","atk":"65","def":"60","satk":"90","sdef":"75","spd":"90"}},{"id":"050","image":"/swordshield/pokemon/050.png","name":"Diglett","type":"ground","stats":{"hp":"10","atk":"55","def":"25","satk":"35","sdef":"45","spd":"95"}},{"id":"051","image":"/swordshield/pokemon/051.png","name":"Dugtrio","type":"ground","stats":{"hp":"35","atk":"100","def":"50","satk":"50","sdef":"70","spd":"120"}},{"id":"052","image":"/swordshield/pokemon/052.png","name":"Meowth","type":"normal","stats":{"hp":"40","atk":"45","def":"35","satk":"40","sdef":"40","spd":"90"}},{"id":"053","image":"/swordshield/pokemon/053.png","name":"Persian","type":"normal","stats":{"hp":"65","atk":"70","def":"60","satk":"65","sdef":"65","spd":"115"}},{"id":"054","image":"/swordshield/pokemon/054.png","name":"Psyduck","type":"water","stats":{"hp":"50","atk":"52","def":"48","satk":"65","sdef":"50","spd":"55"}},{"id":"055","image":"/swordshield/pokemon/055.png","name":"Golduck","type":"water","stats":{"hp":"80","atk":"82","def":"78","satk":"95","sdef":"80","spd":"85"}},{"id":"056","image":"/swordshield/pokemon/056.png","name":"Mankey","type":"fighting","stats":{"hp":"40","atk":"80","def":"35","satk":"35","sdef":"45","spd":"70"}},{"id":"057","image":"/swordshield/pokemon/057.png","name":"Primeape","type":"fighting","stats":{"hp":"65","atk":"105","def":"60","satk":"60","sdef":"70","spd":"95"}},{"id":"058","image":"/swordshield/pokemon/058.png","name":"Growlithe","type":"fire","stats":{"hp":"55","atk":"70","def":"45","satk":"70","sdef":"50","spd":"60"}},{"id":"059","image":"/swordshield/pokemon/059.png","name":"Arcanine","type":"fire","stats":{"hp":"90","atk":"110","def":"80","satk":"100","sdef":"80","spd":"95"}},{"id":"060","image":"/swordshield/pokemon/060.png","name":"Poliwag","type":"water","stats":{"hp":"40","atk":"50","def":"40","satk":"40","sdef":"40","spd":"90"}},{"id":"061","image":"/swordshield/pokemon/061.png","name":"Poliwhirl","type":"water","stats":{"hp":"65","atk":"65","def":"65","satk":"50","sdef":"50","spd":"90"}},{"id":"062","image":"/swordshield/pokemon/062.png","name":"Poliwrath","type":"water,fighting","stats":{"hp":"90","atk":"95","def":"95","satk":"70","sdef":"90","spd":"70"}},{"id":"063","image":"/swordshield/pokemon/063.png","name":"Abra","type":"psychic","stats":{"hp":"25","atk":"20","def":"15","satk":"105","sdef":"55","spd":"90"}},{"id":"064","image":"/swordshield/pokemon/064.png","name":"Kadabra","type":"psychic","stats":{"hp":"40","atk":"35","def":"30","satk":"120","sdef":"70","spd":"105"}},{"id":"065","image":"/swordshield/pokemon/065.png","name":"Alakazam","type":"psychic","stats":{"hp":"55","atk":"50","def":"45","satk":"135","sdef":"95","spd":"120"}},{"id":"066","image":"/swordshield/pokemon/066.png","name":"Machop","type":"fighting","stats":{"hp":"70","atk":"80","def":"50","satk":"35","sdef":"35","spd":"35"}},{"id":"067","image":"/swordshield/pokemon/067.png","name":"Machoke","type":"fighting","stats":{"hp":"80","atk":"100","def":"70","satk":"50","sdef":"60","spd":"45"}},{"id":"068","image":"/swordshield/pokemon/068.png","name":"Machamp","type":"fighting","stats":{"hp":"90","atk":"130","def":"80","satk":"65","sdef":"85","spd":"55"}},{"id":"069","image":"/swordshield/pokemon/069.png","name":"Bellsprout","type":"grass,poison","stats":{"hp":"50","atk":"75","def":"35","satk":"70","sdef":"30","spd":"40"}},{"id":"070","image":"/swordshield/pokemon/070.png","name":"Weepinbell","type":"grass,poison","stats":{"hp":"65","atk":"90","def":"50","satk":"85","sdef":"45","spd":"55"}},{"id":"071","image":"/swordshield/pokemon/071.png","name":"Victreebel","type":"grass,poison","stats":{"hp":"80","atk":"105","def":"65","satk":"100","sdef":"70","spd":"70"}},{"id":"072","image":"/swordshield/pokemon/072.png","name":"Tentacool","type":"water,poison","stats":{"hp":"40","atk":"40","def":"35","satk":"50","sdef":"100","spd":"70"}},{"id":"073","image":"/swordshield/pokemon/073.png","name":"Tentacruel","type":"water,poison","stats":{"hp":"80","atk":"70","def":"65","satk":"80","sdef":"120","spd":"100"}},{"id":"074","image":"/swordshield/pokemon/074.png","name":"Geodude","type":"rock,ground","stats":{"hp":"40","atk":"80","def":"100","satk":"30","sdef":"30","spd":"20"}},{"id":"075","image":"/swordshield/pokemon/075.png","name":"Graveler","type":"rock,ground","stats":{"hp":"55","atk":"95","def":"115","satk":"45","sdef":"45","spd":"35"}},{"id":"076","image":"/swordshield/pokemon/076.png","name":"Golem","type":"rock,ground","stats":{"hp":"80","atk":"120","def":"130","satk":"55","sdef":"65","spd":"45"}},{"id":"077","image":"/swordshield/pokemon/077.png","name":"Ponyta","type":"fire","stats":{"hp":"50","atk":"85","def":"55","satk":"65","sdef":"65","spd":"90"}},{"id":"078","image":"/swordshield/pokemon/078.png","name":"Rapidash","type":"fire","stats":{"hp":"65","atk":"100","def":"70","satk":"80","sdef":"80","spd":"105"}},{"id":"079","image":"/swordshield/pokemon/079.png","name":"Slowpoke","type":"water,psychic","stats":{"hp":"90","atk":"65","def":"65","satk":"40","sdef":"40","spd":"15"}},{"id":"080","image":"/swordshield/pokemon/080.png","name":"Slowbro","type":"water,psychic","stats":{"hp":"95","atk":"75","def":"110","satk":"100","sdef":"80","spd":"30"}},{"id":"081","image":"/swordshield/pokemon/081.png","name":"Magnemite","type":"electric,steel","stats":{"hp":"25","atk":"35","def":"70","satk":"95","sdef":"55","spd":"45"}},{"id":"082","image":"/swordshield/pokemon/082.png","name":"Magneton","type":"electric,steel","stats":{"hp":"50","atk":"60","def":"95","satk":"120","sdef":"70","spd":"70"}},{"id":"083","image":"/swordshield/pokemon/083.png","name":"Farfetch'd","type":"normal,flying","stats":{"hp":"52","atk":"90","def":"55","satk":"58","sdef":"62","spd":"60"}},{"id":"084","image":"/swordshield/pokemon/084.png","name":"Doduo","type":"normal,flying","stats":{"hp":"35","atk":"85","def":"45","satk":"35","sdef":"35","spd":"75"}},{"id":"085","image":"/swordshield/pokemon/085.png","name":"Dodrio","type":"normal,flying","stats":{"hp":"60","atk":"110","def":"70","satk":"60","sdef":"60","spd":"110"}},{"id":"086","image":"/swordshield/pokemon/086.png","name":"Seel","type":"water","stats":{"hp":"65","atk":"45","def":"55","satk":"45","sdef":"70","spd":"45"}},{"id":"087","image":"/swordshield/pokemon/087.png","name":"Dewgong","type":"water,ice","stats":{"hp":"90","atk":"70","def":"80","satk":"70","sdef":"95","spd":"70"}},{"id":"088","image":"/swordshield/pokemon/088.png","name":"Grimer","type":"poison","stats":{"hp":"80","atk":"80","def":"50","satk":"40","sdef":"50","spd":"25"}},{"id":"089","image":"/swordshield/pokemon/089.png","name":"Muk","type":"poison","stats":{"hp":"105","atk":"105","def":"75","satk":"65","sdef":"100","spd":"50"}},{"id":"090","image":"/swordshield/pokemon/090.png","name":"Shellder","type":"water","stats":{"hp":"30","atk":"65","def":"100","satk":"45","sdef":"25","spd":"40"}},{"id":"091","image":"/swordshield/pokemon/091.png","name":"Cloyster","type":"water,ice","stats":{"hp":"50","atk":"95","def":"180","satk":"85","sdef":"45","spd":"70"}},{"id":"092","image":"/swordshield/pokemon/092.png","name":"Gastly","type":"ghost,poison","stats":{"hp":"30","atk":"35","def":"30","satk":"100","sdef":"35","spd":"80"}},{"id":"093","image":"/swordshield/pokemon/093.png","name":"Haunter","type":"ghost,poison","stats":{"hp":"45","atk":"50","def":"45","satk":"115","sdef":"55","spd":"95"}},{"id":"094","image":"/swordshield/pokemon/094.png","name":"Gengar","type":"ghost,poison","stats":{"hp":"60","atk":"65","def":"60","satk":"130","sdef":"75","spd":"110"}},{"id":"095","image":"/swordshield/pokemon/095.png","name":"Onix","type":"rock,ground","stats":{"hp":"35","atk":"45","def":"160","satk":"30","sdef":"45","spd":"70"}},{"id":"096","image":"/swordshield/pokemon/096.png","name":"Drowzee","type":"psychic","stats":{"hp":"60","atk":"48","def":"45","satk":"43","sdef":"90","spd":"42"}},{"id":"097","image":"/swordshield/pokemon/097.png","name":"Hypno","type":"psychic","stats":{"hp":"85","atk":"73","def":"70","satk":"73","sdef":"115","spd":"67"}},{"id":"098","image":"/swordshield/pokemon/098.png","name":"Krabby","type":"water","stats":{"hp":"30","atk":"105","def":"90","satk":"25","sdef":"25","spd":"50"}},{"id":"099","image":"/swordshield/pokemon/099.png","name":"Kingler","type":"water","stats":{"hp":"55","atk":"130","def":"115","satk":"50","sdef":"50","spd":"75"}},{"id":"100","image":"/swordshield/pokemon/100.png","name":"Voltorb","type":"electric","stats":{"hp":"40","atk":"30","def":"50","satk":"55","sdef":"55","spd":"100"}},{"id":"101","image":"/swordshield/pokemon/101.png","name":"Electrode","type":"electric","stats":{"hp":"60","atk":"50","def":"70","satk":"80","sdef":"80","spd":"150"}},{"id":"102","image":"/swordshield/pokemon/102.png","name":"Exeggcute","type":"grass,psychic","stats":{"hp":"60","atk":"40","def":"80","satk":"60","sdef":"45","spd":"40"}},{"id":"103","image":"/swordshield/pokemon/103.png","name":"Exeggutor","type":"grass,psychic","stats":{"hp":"95","atk":"95","def":"85","satk":"125","sdef":"75","spd":"55"}},{"id":"104","image":"/swordshield/pokemon/104.png","name":"Cubone","type":"ground","stats":{"hp":"50","atk":"50","def":"95","satk":"40","sdef":"50","spd":"35"}},{"id":"105","image":"/swordshield/pokemon/105.png","name":"Marowak","type":"ground","stats":{"hp":"60","atk":"80","def":"110","satk":"50","sdef":"80","spd":"45"}},{"id":"106","image":"/swordshield/pokemon/106.png","name":"Hitmonlee","type":"fighting","stats":{"hp":"50","atk":"120","def":"53","satk":"35","sdef":"110","spd":"87"}},{"id":"107","image":"/swordshield/pokemon/107.png","name":"Hitmonchan","type":"fighting","stats":{"hp":"50","atk":"105","def":"79","satk":"35","sdef":"110","spd":"76"}},{"id":"108","image":"/swordshield/pokemon/108.png","name":"Lickitung","type":"normal","stats":{"hp":"90","atk":"55","def":"75","satk":"60","sdef":"75","spd":"30"}},{"id":"109","image":"/swordshield/pokemon/109.png","name":"Koffing","type":"poison","stats":{"hp":"40","atk":"65","def":"95","satk":"60","sdef":"45","spd":"35"}},{"id":"110","image":"/swordshield/pokemon/110.png","name":"Weezing","type":"poison","stats":{"hp":"65","atk":"90","def":"120","satk":"85","sdef":"70","spd":"60"}},{"id":"111","image":"/swordshield/pokemon/111.png","name":"Rhyhorn","type":"ground,rock","stats":{"hp":"80","atk":"85","def":"95","satk":"30","sdef":"30","spd":"25"}},{"id":"112","image":"/swordshield/pokemon/112.png","name":"Rhydon","type":"ground,rock","stats":{"hp":"105","atk":"130","def":"120","satk":"45","sdef":"45","spd":"40"}},{"id":"113","image":"/swordshield/pokemon/113.png","name":"Chansey","type":"normal","stats":{"hp":"250","atk":"5","def":"5","satk":"35","sdef":"105","spd":"50"}},{"id":"114","image":"/swordshield/pokemon/114.png","name":"Tangela","type":"grass","stats":{"hp":"65","atk":"55","def":"115","satk":"100","sdef":"40","spd":"60"}},{"id":"115","image":"/swordshield/pokemon/115.png","name":"Kangaskhan","type":"normal","stats":{"hp":"105","atk":"95","def":"80","satk":"40","sdef":"80","spd":"90"}},{"id":"116","image":"/swordshield/pokemon/116.png","name":"Horsea","type":"water","stats":{"hp":"30","atk":"40","def":"70","satk":"70","sdef":"25","spd":"60"}},{"id":"117","image":"/swordshield/pokemon/117.png","name":"Seadra","type":"water","stats":{"hp":"55","atk":"65","def":"95","satk":"95","sdef":"45","spd":"85"}},{"id":"118","image":"/swordshield/pokemon/118.png","name":"Goldeen","type":"water","stats":{"hp":"45","atk":"67","def":"60","satk":"35","sdef":"50","spd":"63"}},{"id":"119","image":"/swordshield/pokemon/119.png","name":"Seaking","type":"water","stats":{"hp":"80","atk":"92","def":"65","satk":"65","sdef":"80","spd":"68"}},{"id":"120","image":"/swordshield/pokemon/120.png","name":"Staryu","type":"water","stats":{"hp":"30","atk":"45","def":"55","satk":"70","sdef":"55","spd":"85"}},{"id":"121","image":"/swordshield/pokemon/121.png","name":"Starmie","type":"water,psychic","stats":{"hp":"60","atk":"75","def":"85","satk":"100","sdef":"85","spd":"115"}},{"id":"122","image":"/swordshield/pokemon/122.png","name":"Mr. Mime","type":"psychic,fairy","stats":{"hp":"40","atk":"45","def":"65","satk":"100","sdef":"120","spd":"90"}},{"id":"123","image":"/swordshield/pokemon/123.png","name":"Scyther","type":"bug,flying","stats":{"hp":"70","atk":"110","def":"80","satk":"55","sdef":"80","spd":"105"}},{"id":"124","image":"/swordshield/pokemon/124.png","name":"Jynx","type":"ice,psychic","stats":{"hp":"65","atk":"50","def":"35","satk":"115","sdef":"95","spd":"95"}},{"id":"125","image":"/swordshield/pokemon/125.png","name":"Electabuzz","type":"electric","stats":{"hp":"65","atk":"83","def":"57","satk":"95","sdef":"85","spd":"105"}},{"id":"126","image":"/swordshield/pokemon/126.png","name":"Magmar","type":"fire","stats":{"hp":"65","atk":"95","def":"57","satk":"100","sdef":"85","spd":"93"}},{"id":"127","image":"/swordshield/pokemon/127.png","name":"Pinsir","type":"bug","stats":{"hp":"65","atk":"125","def":"100","satk":"55","sdef":"70","spd":"85"}},{"id":"128","image":"/swordshield/pokemon/128.png","name":"Tauros","type":"normal","stats":{"hp":"75","atk":"100","def":"95","satk":"40","sdef":"70","spd":"110"}},{"id":"129","image":"/swordshield/pokemon/129.png","name":"Magikarp","type":"water","stats":{"hp":"20","atk":"10","def":"55","satk":"15","sdef":"20","spd":"80"}},{"id":"130","image":"/swordshield/pokemon/130.png","name":"Gyarados","type":"water,flying","stats":{"hp":"95","atk":"125","def":"79","satk":"60","sdef":"100","spd":"81"}},{"id":"131","image":"/swordshield/pokemon/131.png","name":"Lapras","type":"water,ice","stats":{"hp":"130","atk":"85","def":"80","satk":"85","sdef":"95","spd":"60"}},{"id":"132","image":"/swordshield/pokemon/132.png","name":"Ditto","type":"normal","stats":{"hp":"48","atk":"48","def":"48","satk":"48","sdef":"48","spd":"48"}},{"id":"133","image":"/swordshield/pokemon/133.png","name":"Eevee","type":"normal","stats":{"hp":"55","atk":"55","def":"50","satk":"45","sdef":"65","spd":"55"}},{"id":"134","image":"/swordshield/pokemon/134.png","name":"Vaporeon","type":"water","stats":{"hp":"130","atk":"65","def":"60","satk":"110","sdef":"95","spd":"65"}},{"id":"135","image":"/swordshield/pokemon/135.png","name":"Jolteon","type":"electric","stats":{"hp":"65","atk":"65","def":"60","satk":"110","sdef":"95","spd":"130"}},{"id":"136","image":"/swordshield/pokemon/136.png","name":"Flareon","type":"fire","stats":{"hp":"65","atk":"130","def":"60","satk":"95","sdef":"110","spd":"65"}},{"id":"137","image":"/swordshield/pokemon/137.png","name":"Porygon","type":"normal","stats":{"hp":"65","atk":"60","def":"70","satk":"85","sdef":"75","spd":"40"}},{"id":"138","image":"/swordshield/pokemon/138.png","name":"Omanyte","type":"rock,water","stats":{"hp":"35","atk":"40","def":"100","satk":"90","sdef":"55","spd":"35"}},{"id":"139","image":"/swordshield/pokemon/139.png","name":"Omastar","type":"rock,water","stats":{"hp":"70","atk":"60","def":"125","satk":"115","sdef":"70","spd":"55"}},{"id":"140","image":"/swordshield/pokemon/140.png","name":"Kabuto","type":"rock,water","stats":{"hp":"30","atk":"80","def":"90","satk":"55","sdef":"45","spd":"55"}},{"id":"141","image":"/swordshield/pokemon/141.png","name":"Kabutops","type":"rock,water","stats":{"hp":"60","atk":"115","def":"105","satk":"65","sdef":"70","spd":"80"}},{"id":"142","image":"/swordshield/pokemon/142.png","name":"Aerodactyl","type":"rock,flying","stats":{"hp":"80","atk":"105","def":"65","satk":"60","sdef":"75","spd":"130"}},{"id":"143","image":"/swordshield/pokemon/143.png","name":"Snorlax","type":"normal","stats":{"hp":"160","atk":"110","def":"65","satk":"65","sdef":"110","spd":"30"}},{"id":"144","image":"/swordshield/pokemon/144.png","name":"Articuno","type":"ice,flying","stats":{"hp":"90","atk":"85","def":"100","satk":"95","sdef":"125","spd":"85"}},{"id":"145","image":"/swordshield/pokemon/145.png","name":"Zapdos","type":"electric,flying","stats":{"hp":"90","atk":"90","def":"85","satk":"125","sdef":"90","spd":"100"}},{"id":"146","image":"/swordshield/pokemon/146.png","name":"Moltres","type":"fire,flying","stats":{"hp":"90","atk":"100","def":"90","satk":"125","sdef":"85","spd":"90"}},{"id":"147","image":"/swordshield/pokemon/147.png","name":"Dratini","type":"dragon","stats":{"hp":"41","atk":"64","def":"45","satk":"50","sdef":"50","spd":"50"}},{"id":"148","image":"/swordshield/pokemon/148.png","name":"Dragonair","type":"dragon","stats":{"hp":"61","atk":"84","def":"65","satk":"70","sdef":"70","spd":"70"}},{"id":"149","image":"/swordshield/pokemon/149.png","name":"Dragonite","type":"dragon,flying","stats":{"hp":"91","atk":"134","def":"95","satk":"100","sdef":"100","spd":"80"}},{"id":"150","image":"/swordshield/pokemon/150.png","name":"Mewtwo","type":"psychic","stats":{"hp":"106","atk":"110","def":"90","satk":"154","sdef":"90","spd":"130"}},{"id":"151","image":"/swordshield/pokemon/151.png","name":"Mew","type":"psychic","stats":{"hp":"100","atk":"100","def":"100","satk":"100","sdef":"100","spd":"100"}}]}