{"url":"https://www.serebii.net/pokemon/gen3pokemon.shtml","date":"2021-08-25T17:38:42.691Z","title":"Pok�mon - Generation III Pok�mon","data":[{"id":"252","image":"/swordshield/pokemon/252.png","name":"Treecko","type":"grass","stats":{"hp":"40","atk":"45","def":"35","satk":"65","sdef":"55","spd":"70"}},{"id":"253","image":"/swordshield/pokemon/253.png","name":"Grovyle","type":"grass","stats":{"hp":"50","atk":"65","def":"45","satk":"85","sdef":"65","spd":"95"}},{"id":"254","image":"/swordshield/pokemon/254.png","name":"Sceptile","type":"grass","stats":{"hp":"70","atk":"85","def":"65","satk":"105","sdef":"85","spd":"120"}},{"id":"255","image":"/swordshield/pokemon/255.png","name":"Torchic","type":"fire","stats":{"hp":"45","atk":"60","def":"40","satk":"70","sdef":"50","spd":"45"}},{"id":"256","image":"/swordshield/pokemon/256.png","name":"Combusken","type":"fire,fighting","stats":{"hp":"60","atk":"85","def":"60","satk":"85","sdef":"60","spd":"55"}},{"id":"257","image":"/swordshield/pokemon/257.png","name":"Blaziken","type":"fire,fighting","stats":{"hp":"80","atk":"120","def":"70","satk":"110","sdef":"70","spd":"80"}},{"id":"258","image":"/swordshield/pokemon/258.png","name":"Mudkip","type":"water","stats":{"hp":"50","atk":"70","def":"50","satk":"50","sdef":"50","spd":"40"}},{"id":"259","image":"/swordshield/pokemon/259.png","name":"Marshtomp","type":"water,ground","stats":{"hp":"70","atk":"85","def":"70","satk":"60","sdef":"70","spd":"50"}},{"id":"260","image":"/swordshield/pokemon/260.png","name":"Swampert","type":"water,ground","stats":{"hp":"100","atk":"110","def":"90","satk":"85","sdef":"90","spd":"60"}},{"id":"261","image":"/swordshield/pokemon/261.png","name":"Poochyena","type":"dark","stats":{"hp":"35","atk":"55","def":"35","satk":"30","sdef":"30","spd":"35"}},{"id":"262","image":"/swordshield/pokemon/262.png","name":"Mightyena","type":"dark","stats":{"hp":"70","atk":"90","def":"70","satk":"60","sdef":"60","spd":"70"}},{"id":"263","image":"/swordshield/pokemon/263.png","name":"Zigzagoon","type":"normal","stats":{"hp":"38","atk":"30","def":"41","satk":"30","sdef":"41","spd":"60"}},{"id":"264","image":"/swordshield/pokemon/264.png","name":"Linoone","type":"normal","stats":{"hp":"78","atk":"70","def":"61","satk":"50","sdef":"61","spd":"100"}},{"id":"265","image":"/swordshield/pokemon/265.png","name":"Wurmple","type":"bug","stats":{"hp":"45","atk":"45","def":"35","satk":"20","sdef":"30","spd":"20"}},{"id":"266","image":"/swordshield/pokemon/266.png","name":"Silcoon","type":"bug","stats":{"hp":"50","atk":"35","def":"55","satk":"25","sdef":"25","spd":"15"}},{"id":"267","image":"/swordshield/pokemon/267.png","name":"Beautifly","type":"bug,flying","stats":{"hp":"60","atk":"70","def":"50","satk":"100","sdef":"50","spd":"65"}},{"id":"268","image":"/swordshield/pokemon/268.png","name":"Cascoon","type":"bug","stats":{"hp":"50","atk":"35","def":"55","satk":"25","sdef":"25","spd":"15"}},{"id":"269","image":"/swordshield/pokemon/269.png","name":"Dustox","type":"bug,poison","stats":{"hp":"60","atk":"50","def":"70","satk":"50","sdef":"90","spd":"65"}},{"id":"270","image":"/swordshield/pokemon/270.png","name":"Lotad","type":"water,grass","stats":{"hp":"40","atk":"30","def":"30","satk":"40","sdef":"50","spd":"30"}},{"id":"271","image":"/swordshield/pokemon/271.png","name":"Lombre","type":"water,grass","stats":{"hp":"60","atk":"50","def":"50","satk":"60","sdef":"70","spd":"50"}},{"id":"272","image":"/swordshield/pokemon/272.png","name":"Ludicolo","type":"water,grass","stats":{"hp":"80","atk":"70","def":"70","satk":"90","sdef":"100","spd":"70"}},{"id":"273","image":"/swordshield/pokemon/273.png","name":"Seedot","type":"grass","stats":{"hp":"40","atk":"40","def":"50","satk":"30","sdef":"30","spd":"30"}},{"id":"274","image":"/swordshield/pokemon/274.png","name":"Nuzleaf","type":"grass,dark","stats":{"hp":"70","atk":"70","def":"40","satk":"60","sdef":"40","spd":"60"}},{"id":"275","image":"/swordshield/pokemon/275.png","name":"Shiftry","type":"grass,dark","stats":{"hp":"90","atk":"100","def":"60","satk":"90","sdef":"60","spd":"80"}},{"id":"276","image":"/swordshield/pokemon/276.png","name":"Taillow","type":"normal,flying","stats":{"hp":"40","atk":"55","def":"30","satk":"30","sdef":"30","spd":"85"}},{"id":"277","image":"/swordshield/pokemon/277.png","name":"Swellow","type":"normal,flying","stats":{"hp":"60","atk":"85","def":"60","satk":"75","sdef":"50","spd":"125"}},{"id":"278","image":"/swordshield/pokemon/278.png","name":"Wingull","type":"water,flying","stats":{"hp":"40","atk":"30","def":"30","satk":"55","sdef":"30","spd":"85"}},{"id":"279","image":"/swordshield/pokemon/279.png","name":"Pelipper","type":"water,flying","stats":{"hp":"60","atk":"50","def":"100","satk":"95","sdef":"70","spd":"65"}},{"id":"280","image":"/swordshield/pokemon/280.png","name":"Ralts","type":"psychic,fairy","stats":{"hp":"28","atk":"25","def":"25","satk":"45","sdef":"35","spd":"40"}},{"id":"281","image":"/swordshield/pokemon/281.png","name":"Kirlia","type":"psychic,fairy","stats":{"hp":"38","atk":"35","def":"35","satk":"65","sdef":"55","spd":"50"}},{"id":"282","image":"/swordshield/pokemon/282.png","name":"Gardevoir","type":"psychic,fairy","stats":{"hp":"68","atk":"65","def":"65","satk":"125","sdef":"115","spd":"80"}},{"id":"283","image":"/swordshield/pokemon/283.png","name":"Surskit","type":"bug,water","stats":{"hp":"40","atk":"30","def":"32","satk":"50","sdef":"52","spd":"65"}},{"id":"284","image":"/swordshield/pokemon/284.png","name":"Masquerain","type":"bug,flying","stats":{"hp":"70","atk":"60","def":"62","satk":"100","sdef":"82","spd":"80"}},{"id":"285","image":"/swordshield/pokemon/285.png","name":"Shroomish","type":"grass","stats":{"hp":"60","atk":"40","def":"60","satk":"40","sdef":"60","spd":"35"}},{"id":"286","image":"/swordshield/pokemon/286.png","name":"Breloom","type":"grass,fighting","stats":{"hp":"60","atk":"130","def":"80","satk":"60","sdef":"60","spd":"70"}},{"id":"287","image":"/swordshield/pokemon/287.png","name":"Slakoth","type":"normal","stats":{"hp":"60","atk":"60","def":"60","satk":"35","sdef":"35","spd":"30"}},{"id":"288","image":"/swordshield/pokemon/288.png","name":"Vigoroth","type":"normal","stats":{"hp":"80","atk":"80","def":"80","satk":"55","sdef":"55","spd":"90"}},{"id":"289","image":"/swordshield/pokemon/289.png","name":"Slaking","type":"normal","stats":{"hp":"150","atk":"160","def":"100","satk":"95","sdef":"65","spd":"100"}},{"id":"290","image":"/swordshield/pokemon/290.png","name":"Nincada","type":"bug,ground","stats":{"hp":"31","atk":"45","def":"90","satk":"30","sdef":"30","spd":"40"}},{"id":"291","image":"/swordshield/pokemon/291.png","name":"Ninjask","type":"bug,flying","stats":{"hp":"61","atk":"90","def":"45","satk":"50","sdef":"50","spd":"160"}},{"id":"292","image":"/swordshield/pokemon/292.png","name":"Shedinja","type":"bug,ghost","stats":{"hp":"1","atk":"90","def":"45","satk":"30","sdef":"30","spd":"40"}},{"id":"293","image":"/swordshield/pokemon/293.png","name":"Whismur","type":"normal","stats":{"hp":"64","atk":"51","def":"23","satk":"51","sdef":"23","spd":"28"}},{"id":"294","image":"/swordshield/pokemon/294.png","name":"Loudred","type":"normal","stats":{"hp":"84","atk":"71","def":"43","satk":"71","sdef":"43","spd":"48"}},{"id":"295","image":"/swordshield/pokemon/295.png","name":"Exploud","type":"normal","stats":{"hp":"104","atk":"91","def":"63","satk":"91","sdef":"73","spd":"68"}},{"id":"296","image":"/swordshield/pokemon/296.png","name":"Makuhita","type":"fighting","stats":{"hp":"72","atk":"60","def":"30","satk":"20","sdef":"30","spd":"25"}},{"id":"297","image":"/swordshield/pokemon/297.png","name":"Hariyama","type":"fighting","stats":{"hp":"144","atk":"120","def":"60","satk":"40","sdef":"60","spd":"50"}},{"id":"298","image":"/swordshield/pokemon/298.png","name":"Azurill","type":"normal,fairy","stats":{"hp":"50","atk":"20","def":"40","satk":"20","sdef":"40","spd":"20"}},{"id":"299","image":"/swordshield/pokemon/299.png","name":"Nosepass","type":"rock","stats":{"hp":"30","atk":"45","def":"135","satk":"45","sdef":"90","spd":"30"}},{"id":"300","image":"/swordshield/pokemon/300.png","name":"Skitty","type":"normal","stats":{"hp":"50","atk":"45","def":"45","satk":"35","sdef":"35","spd":"50"}},{"id":"301","image":"/swordshield/pokemon/301.png","name":"Delcatty","type":"normal","stats":{"hp":"70","atk":"65","def":"65","satk":"55","sdef":"55","spd":"90"}},{"id":"302","image":"/swordshield/pokemon/302.png","name":"Sableye","type":"dark,ghost","stats":{"hp":"50","atk":"75","def":"75","satk":"65","sdef":"65","spd":"50"}},{"id":"303","image":"/swordshield/pokemon/303.png","name":"Mawile","type":"steel,fairy","stats":{"hp":"50","atk":"85","def":"85","satk":"55","sdef":"55","spd":"50"}},{"id":"304","image":"/swordshield/pokemon/304.png","name":"Aron","type":"steel,rock","stats":{"hp":"50","atk":"70","def":"100","satk":"40","sdef":"40","spd":"30"}},{"id":"305","image":"/swordshield/pokemon/305.png","name":"Lairon","type":"steel,rock","stats":{"hp":"60","atk":"90","def":"140","satk":"50","sdef":"50","spd":"40"}},{"id":"306","image":"/swordshield/pokemon/306.png","name":"Aggron","type":"steel,rock","stats":{"hp":"70","atk":"110","def":"180","satk":"60","sdef":"60","spd":"50"}},{"id":"307","image":"/swordshield/pokemon/307.png","name":"Meditite","type":"fighting,psychic","stats":{"hp":"30","atk":"40","def":"55","satk":"40","sdef":"55","spd":"60"}},{"id":"308","image":"/swordshield/pokemon/308.png","name":"Medicham","type":"fighting,psychic","stats":{"hp":"60","atk":"60","def":"75","satk":"60","sdef":"75","spd":"80"}},{"id":"309","image":"/swordshield/pokemon/309.png","name":"Electrike","type":"electric","stats":{"hp":"40","atk":"45","def":"40","satk":"65","sdef":"40","spd":"65"}},{"id":"310","image":"/swordshield/pokemon/310.png","name":"Manectric","type":"electric","stats":{"hp":"70","atk":"75","def":"60","satk":"105","sdef":"60","spd":"105"}},{"id":"311","image":"/swordshield/pokemon/311.png","name":"Plusle","type":"electric","stats":{"hp":"60","atk":"50","def":"40","satk":"85","sdef":"75","spd":"95"}},{"id":"312","image":"/swordshield/pokemon/312.png","name":"Minun","type":"electric","stats":{"hp":"60","atk":"40","def":"50","satk":"75","sdef":"85","spd":"95"}},{"id":"313","image":"/swordshield/pokemon/313.png","name":"Volbeat","type":"bug","stats":{"hp":"65","atk":"73","def":"75","satk":"47","sdef":"85","spd":"85"}},{"id":"314","image":"/swordshield/pokemon/314.png","name":"Illumise","type":"bug","stats":{"hp":"65","atk":"47","def":"75","satk":"73","sdef":"85","spd":"85"}},{"id":"315","image":"/swordshield/pokemon/315.png","name":"Roselia","type":"grass,poison","stats":{"hp":"50","atk":"60","def":"45","satk":"100","sdef":"80","spd":"65"}},{"id":"316","image":"/swordshield/pokemon/316.png","name":"Gulpin","type":"poison","stats":{"hp":"70","atk":"43","def":"53","satk":"43","sdef":"53","spd":"40"}},{"id":"317","image":"/swordshield/pokemon/317.png","name":"Swalot","type":"poison","stats":{"hp":"100","atk":"73","def":"83","satk":"73","sdef":"83","spd":"55"}},{"id":"318","image":"/swordshield/pokemon/318.png","name":"Carvanha","type":"water,dark","stats":{"hp":"45","atk":"90","def":"20","satk":"65","sdef":"20","spd":"65"}},{"id":"319","image":"/swordshield/pokemon/319.png","name":"Sharpedo","type":"water,dark","stats":{"hp":"70","atk":"120","def":"40","satk":"95","sdef":"40","spd":"95"}},{"id":"320","image":"/swordshield/pokemon/320.png","name":"Wailmer","type":"water","stats":{"hp":"130","atk":"70","def":"35","satk":"70","sdef":"35","spd":"60"}},{"id":"321","image":"/swordshield/pokemon/321.png","name":"Wailord","type":"water","stats":{"hp":"170","atk":"90","def":"45","satk":"90","sdef":"45","spd":"60"}},{"id":"322","image":"/swordshield/pokemon/322.png","name":"Numel","type":"fire,ground","stats":{"hp":"60","atk":"60","def":"40","satk":"65","sdef":"45","spd":"35"}},{"id":"323","image":"/swordshield/pokemon/323.png","name":"Camerupt","type":"fire,ground","stats":{"hp":"70","atk":"100","def":"70","satk":"105","sdef":"75","spd":"40"}},{"id":"324","image":"/swordshield/pokemon/324.png","name":"Torkoal","type":"fire","stats":{"hp":"70","atk":"85","def":"140","satk":"85","sdef":"70","spd":"20"}},{"id":"325","image":"/swordshield/pokemon/325.png","name":"Spoink","type":"psychic","stats":{"hp":"60","atk":"25","def":"35","satk":"70","sdef":"80","spd":"60"}},{"id":"326","image":"/swordshield/pokemon/326.png","name":"Grumpig","type":"psychic","stats":{"hp":"80","atk":"45","def":"65","satk":"90","sdef":"110","spd":"80"}},{"id":"327","image":"/swordshield/pokemon/327.png","name":"Spinda","type":"normal","stats":{"hp":"60","atk":"60","def":"60","satk":"60","sdef":"60","spd":"60"}},{"id":"328","image":"/swordshield/pokemon/328.png","name":"Trapinch","type":"ground","stats":{"hp":"45","atk":"100","def":"45","satk":"45","sdef":"45","spd":"10"}},{"id":"329","image":"/swordshield/pokemon/329.png","name":"Vibrava","type":"ground,dragon","stats":{"hp":"50","atk":"70","def":"50","satk":"50","sdef":"50","spd":"70"}},{"id":"330","image":"/swordshield/pokemon/330.png","name":"Flygon","type":"ground,dragon","stats":{"hp":"80","atk":"100","def":"80","satk":"80","sdef":"80","spd":"100"}},{"id":"331","image":"/swordshield/pokemon/331.png","name":"Cacnea","type":"grass","stats":{"hp":"50","atk":"85","def":"40","satk":"85","sdef":"40","spd":"35"}},{"id":"332","image":"/swordshield/pokemon/332.png","name":"Cacturne","type":"grass,dark","stats":{"hp":"70","atk":"115","def":"60","satk":"115","sdef":"60","spd":"55"}},{"id":"333","image":"/swordshield/pokemon/333.png","name":"Swablu","type":"normal,flying","stats":{"hp":"45","atk":"40","def":"60","satk":"40","sdef":"75","spd":"50"}},{"id":"334","image":"/swordshield/pokemon/334.png","name":"Altaria","type":"dragon,flying","stats":{"hp":"75","atk":"70","def":"90","satk":"70","sdef":"105","spd":"80"}},{"id":"335","image":"/swordshield/pokemon/335.png","name":"Zangoose","type":"normal","stats":{"hp":"73","atk":"115","def":"60","satk":"60","sdef":"60","spd":"90"}},{"id":"336","image":"/swordshield/pokemon/336.png","name":"Seviper","type":"poison","stats":{"hp":"73","atk":"100","def":"60","satk":"100","sdef":"60","spd":"65"}},{"id":"337","image":"/swordshield/pokemon/337.png","name":"Lunatone","type":"rock,psychic","stats":{"hp":"90","atk":"55","def":"65","satk":"95","sdef":"85","spd":"70"}},{"id":"338","image":"/swordshield/pokemon/338.png","name":"Solrock","type":"rock,psychic","stats":{"hp":"90","atk":"95","def":"85","satk":"55","sdef":"65","spd":"70"}},{"id":"339","image":"/swordshield/pokemon/339.png","name":"Barboach","type":"water,ground","stats":{"hp":"50","atk":"48","def":"43","satk":"46","sdef":"41","spd":"60"}},{"id":"340","image":"/swordshield/pokemon/340.png","name":"Whiscash","type":"water,ground","stats":{"hp":"110","atk":"78","def":"73","satk":"76","sdef":"71","spd":"60"}},{"id":"341","image":"/swordshield/pokemon/341.png","name":"Corphish","type":"water","stats":{"hp":"43","atk":"80","def":"65","satk":"50","sdef":"35","spd":"35"}},{"id":"342","image":"/swordshield/pokemon/342.png","name":"Crawdaunt","type":"water,dark","stats":{"hp":"63","atk":"120","def":"85","satk":"90","sdef":"55","spd":"55"}},{"id":"343","image":"/swordshield/pokemon/343.png","name":"Baltoy","type":"ground,psychic","stats":{"hp":"40","atk":"40","def":"55","satk":"40","sdef":"70","spd":"55"}},{"id":"344","image":"/swordshield/pokemon/344.png","name":"Claydol","type":"ground,psychic","stats":{"hp":"60","atk":"70","def":"105","satk":"70","sdef":"120","spd":"75"}},{"id":"345","image":"/swordshield/pokemon/345.png","name":"Lileep","type":"rock,grass","stats":{"hp":"66","atk":"41","def":"77","satk":"61","sdef":"87","spd":"23"}},{"id":"346","image":"/swordshield/pokemon/346.png","name":"Cradily","type":"rock,grass","stats":{"hp":"86","atk":"81","def":"97","satk":"81","sdef":"107","spd":"43"}},{"id":"347","image":"/swordshield/pokemon/347.png","name":"Anorith","type":"rock,bug","stats":{"hp":"45","atk":"95","def":"50","satk":"40","sdef":"50","spd":"75"}},{"id":"348","image":"/swordshield/pokemon/348.png","name":"Armaldo","type":"rock,bug","stats":{"hp":"75","atk":"125","def":"100","satk":"70","sdef":"80","spd":"45"}},{"id":"349","image":"/swordshield/pokemon/349.png","name":"Feebas","type":"water","stats":{"hp":"20","atk":"15","def":"20","satk":"10","sdef":"55","spd":"80"}},{"id":"350","image":"/swordshield/pokemon/350.png","name":"Milotic","type":"water","stats":{"hp":"95","atk":"60","def":"79","satk":"100","sdef":"125","spd":"81"}},{"id":"351","image":"/swordshield/pokemon/351.png","name":"Castform","type":"normal","stats":{"hp":"70","atk":"70","def":"70","satk":"70","sdef":"70","spd":"70"}},{"id":"352","image":"/swordshield/pokemon/352.png","name":"Kecleon","type":"normal","stats":{"hp":"60","atk":"90","def":"70","satk":"60","sdef":"120","spd":"40"}},{"id":"353","image":"/swordshield/pokemon/353.png","name":"Shuppet","type":"ghost","stats":{"hp":"44","atk":"75","def":"35","satk":"63","sdef":"33","spd":"45"}},{"id":"354","image":"/swordshield/pokemon/354.png","name":"Banette","type":"ghost","stats":{"hp":"64","atk":"115","def":"65","satk":"83","sdef":"63","spd":"65"}},{"id":"355","image":"/swordshield/pokemon/355.png","name":"Duskull","type":"ghost","stats":{"hp":"20","atk":"40","def":"90","satk":"30","sdef":"90","spd":"25"}},{"id":"356","image":"/swordshield/pokemon/356.png","name":"Dusclops","type":"ghost","stats":{"hp":"40","atk":"70","def":"130","satk":"60","sdef":"130","spd":"25"}},{"id":"357","image":"/swordshield/pokemon/357.png","name":"Tropius","type":"grass,flying","stats":{"hp":"99","atk":"68","def":"83","satk":"72","sdef":"87","spd":"51"}},{"id":"358","image":"/swordshield/pokemon/358.png","name":"Chimecho","type":"psychic","stats":{"hp":"75","atk":"50","def":"80","satk":"95","sdef":"90","spd":"65"}},{"id":"359","image":"/swordshield/pokemon/359.png","name":"Absol","type":"dark","stats":{"hp":"65","atk":"130","def":"60","satk":"75","sdef":"60","spd":"75"}},{"id":"360","image":"/swordshield/pokemon/360.png","name":"Wynaut","type":"psychic","stats":{"hp":"95","atk":"23","def":"48","satk":"23","sdef":"48","spd":"23"}},{"id":"361","image":"/swordshield/pokemon/361.png","name":"Snorunt","type":"ice","stats":{"hp":"50","atk":"50","def":"50","satk":"50","sdef":"50","spd":"50"}},{"id":"362","image":"/swordshield/pokemon/362.png","name":"Glalie","type":"ice","stats":{"hp":"80","atk":"80","def":"80","satk":"80","sdef":"80","spd":"80"}},{"id":"363","image":"/swordshield/pokemon/363.png","name":"Spheal","type":"ice,water","stats":{"hp":"70","atk":"40","def":"50","satk":"55","sdef":"50","spd":"25"}},{"id":"364","image":"/swordshield/pokemon/364.png","name":"Sealeo","type":"ice,water","stats":{"hp":"90","atk":"60","def":"70","satk":"75","sdef":"70","spd":"45"}},{"id":"365","image":"/swordshield/pokemon/365.png","name":"Walrein","type":"ice,water","stats":{"hp":"110","atk":"80","def":"90","satk":"95","sdef":"90","spd":"65"}},{"id":"366","image":"/swordshield/pokemon/366.png","name":"Clamperl","type":"water","stats":{"hp":"35","atk":"64","def":"85","satk":"74","sdef":"55","spd":"32"}},{"id":"367","image":"/swordshield/pokemon/367.png","name":"Huntail","type":"water","stats":{"hp":"55","atk":"104","def":"105","satk":"94","sdef":"75","spd":"52"}},{"id":"368","image":"/swordshield/pokemon/368.png","name":"Gorebyss","type":"water","stats":{"hp":"55","atk":"84","def":"105","satk":"114","sdef":"75","spd":"52"}},{"id":"369","image":"/swordshield/pokemon/369.png","name":"Relicanth","type":"water,rock","stats":{"hp":"100","atk":"90","def":"130","satk":"45","sdef":"65","spd":"55"}},{"id":"370","image":"/swordshield/pokemon/370.png","name":"Luvdisc","type":"water","stats":{"hp":"43","atk":"30","def":"55","satk":"40","sdef":"65","spd":"97"}},{"id":"371","image":"/swordshield/pokemon/371.png","name":"Bagon","type":"dragon","stats":{"hp":"45","atk":"75","def":"60","satk":"40","sdef":"30","spd":"50"}},{"id":"372","image":"/swordshield/pokemon/372.png","name":"Shelgon","type":"dragon","stats":{"hp":"65","atk":"95","def":"100","satk":"60","sdef":"50","spd":"50"}},{"id":"373","image":"/swordshield/pokemon/373.png","name":"Salamence","type":"dragon,flying","stats":{"hp":"95","atk":"135","def":"80","satk":"110","sdef":"80","spd":"100"}},{"id":"374","image":"/swordshield/pokemon/374.png","name":"Beldum","type":"steel,psychic","stats":{"hp":"40","atk":"55","def":"80","satk":"35","sdef":"60","spd":"30"}},{"id":"375","image":"/swordshield/pokemon/375.png","name":"Metang","type":"steel,psychic","stats":{"hp":"60","atk":"75","def":"100","satk":"55","sdef":"80","spd":"50"}},{"id":"376","image":"/swordshield/pokemon/376.png","name":"Metagross","type":"steel,psychic","stats":{"hp":"80","atk":"135","def":"130","satk":"95","sdef":"90","spd":"70"}},{"id":"377","image":"/swordshield/pokemon/377.png","name":"Regirock","type":"rock","stats":{"hp":"80","atk":"100","def":"200","satk":"50","sdef":"100","spd":"50"}},{"id":"378","image":"/swordshield/pokemon/378.png","name":"Regice","type":"ice","stats":{"hp":"80","atk":"50","def":"100","satk":"100","sdef":"200","spd":"50"}},{"id":"379","image":"/swordshield/pokemon/379.png","name":"Registeel","type":"steel","stats":{"hp":"80","atk":"75","def":"150","satk":"75","sdef":"150","spd":"50"}},{"id":"380","image":"/swordshield/pokemon/380.png","name":"Latias","type":"dragon,psychic","stats":{"hp":"80","atk":"80","def":"90","satk":"110","sdef":"130","spd":"110"}},{"id":"381","image":"/swordshield/pokemon/381.png","name":"Latios","type":"dragon,psychic","stats":{"hp":"80","atk":"90","def":"80","satk":"130","sdef":"110","spd":"110"}},{"id":"382","image":"/swordshield/pokemon/382.png","name":"Kyogre","type":"water","stats":{"hp":"100","atk":"100","def":"90","satk":"150","sdef":"140","spd":"90"}},{"id":"383","image":"/swordshield/pokemon/383.png","name":"Groudon","type":"ground","stats":{"hp":"100","atk":"150","def":"140","satk":"100","sdef":"90","spd":"90"}},{"id":"384","image":"/swordshield/pokemon/384.png","name":"Rayquaza","type":"dragon,flying","stats":{"hp":"105","atk":"150","def":"90","satk":"150","sdef":"90","spd":"95"}},{"id":"385","image":"/swordshield/pokemon/385.png","name":"Jirachi","type":"steel,psychic","stats":{"hp":"100","atk":"100","def":"100","satk":"100","sdef":"100","spd":"100"}},{"id":"386","image":"/swordshield/pokemon/386.png","name":"Deoxys","type":"psychic","stats":{"hp":"50","atk":"150","def":"50","satk":"150","sdef":"50","spd":"150"}}]}