{"url":"https://www.serebii.net/pokemon/gen7pokemon.shtml","date":"2021-08-25T18:09:26.988Z","title":"Pok�mon - Generation VII Pok�mon","data":[{"id":"722","image":"/swordshield/pokemon/722.png","name":"Rowlet","type":"grass,flying","stats":{"hp":"68","atk":"55","def":"55","satk":"50","sdef":"50","spd":"42"}},{"id":"723","image":"/swordshield/pokemon/723.png","name":"Dartrix","type":"grass,flying","stats":{"hp":"78","atk":"75","def":"75","satk":"70","sdef":"70","spd":"52"}},{"id":"724","image":"/swordshield/pokemon/724.png","name":"Decidueye","type":"grass,ghost","stats":{"hp":"78","atk":"107","def":"75","satk":"100","sdef":"100","spd":"70"}},{"id":"725","image":"/swordshield/pokemon/725.png","name":"Litten","type":"fire","stats":{"hp":"45","atk":"65","def":"40","satk":"60","sdef":"40","spd":"70"}},{"id":"726","image":"/swordshield/pokemon/726.png","name":"Torracat","type":"fire","stats":{"hp":"65","atk":"85","def":"50","satk":"80","sdef":"50","spd":"90"}},{"id":"727","image":"/swordshield/pokemon/727.png","name":"Incineroar","type":"fire,dark","stats":{"hp":"95","atk":"115","def":"90","satk":"80","sdef":"90","spd":"60"}},{"id":"728","image":"/swordshield/pokemon/728.png","name":"Popplio","type":"water","stats":{"hp":"50","atk":"54","def":"54","satk":"66","sdef":"56","spd":"40"}},{"id":"729","image":"/swordshield/pokemon/729.png","name":"Brionne","type":"water","stats":{"hp":"60","atk":"69","def":"69","satk":"91","sdef":"81","spd":"50"}},{"id":"730","image":"/swordshield/pokemon/730.png","name":"Primarina","type":"water,fairy","stats":{"hp":"80","atk":"74","def":"74","satk":"126","sdef":"116","spd":"60"}},{"id":"731","image":"/swordshield/pokemon/731.png","name":"Pikipek","type":"normal,flying","stats":{"hp":"35","atk":"75","def":"30","satk":"30","sdef":"30","spd":"65"}},{"id":"732","image":"/swordshield/pokemon/732.png","name":"Trumbeak","type":"normal,flying","stats":{"hp":"55","atk":"85","def":"50","satk":"40","sdef":"50","spd":"75"}},{"id":"733","image":"/swordshield/pokemon/733.png","name":"Toucannon","type":"normal,flying","stats":{"hp":"80","atk":"120","def":"75","satk":"75","sdef":"75","spd":"60"}},{"id":"734","image":"/swordshield/pokemon/734.png","name":"Yungoos","type":"normal","stats":{"hp":"48","atk":"70","def":"30","satk":"30","sdef":"30","spd":"45"}},{"id":"735","image":"/swordshield/pokemon/735.png","name":"Gumshoos","type":"normal","stats":{"hp":"88","atk":"110","def":"60","satk":"55","sdef":"60","spd":"45"}},{"id":"736","image":"/swordshield/pokemon/736.png","name":"Grubbin","type":"bug","stats":{"hp":"47","atk":"62","def":"45","satk":"55","sdef":"45","spd":"46"}},{"id":"737","image":"/swordshield/pokemon/737.png","name":"Charjabug","type":"bug,electric","stats":{"hp":"57","atk":"82","def":"95","satk":"55","sdef":"75","spd":"36"}},{"id":"738","image":"/swordshield/pokemon/738.png","name":"Vikavolt","type":"bug,electric","stats":{"hp":"77","atk":"70","def":"90","satk":"145","sdef":"75","spd":"43"}},{"id":"739","image":"/swordshield/pokemon/739.png","name":"Crabrawler","type":"fighting","stats":{"hp":"47","atk":"82","def":"57","satk":"42","sdef":"47","spd":"63"}},{"id":"740","image":"/swordshield/pokemon/740.png","name":"Crabominable","type":"fighting,ice","stats":{"hp":"97","atk":"132","def":"77","satk":"62","sdef":"67","spd":"43"}},{"id":"741","image":"/swordshield/pokemon/741.png","name":"Oricorio","type":"fire,flying","stats":{"hp":"75","atk":"70","def":"70","satk":"98","sdef":"70","spd":"93"}},{"id":"742","image":"/swordshield/pokemon/742.png","name":"Cutiefly","type":"bug,fairy","stats":{"hp":"40","atk":"45","def":"40","satk":"55","sdef":"40","spd":"84"}},{"id":"743","image":"/swordshield/pokemon/743.png","name":"Ribombee","type":"bug,fairy","stats":{"hp":"60","atk":"55","def":"60","satk":"95","sdef":"70","spd":"124"}},{"id":"744","image":"/swordshield/pokemon/744.png","name":"Rockruff","type":"rock","stats":{"hp":"45","atk":"65","def":"40","satk":"30","sdef":"40","spd":"60"}},{"id":"745","image":"/swordshield/pokemon/745.png","name":"Lycanroc","type":"rock","stats":{"hp":"75","atk":"115","def":"65","satk":"55","sdef":"65","spd":"112"}},{"id":"746","image":"/swordshield/pokemon/746.png","name":"Wishiwashi","type":"water","stats":{"hp":"45","atk":"20","def":"20","satk":"25","sdef":"25","spd":"40"}},{"id":"747","image":"/swordshield/pokemon/747.png","name":"Mareanie","type":"poison,water","stats":{"hp":"50","atk":"53","def":"62","satk":"43","sdef":"52","spd":"45"}},{"id":"748","image":"/swordshield/pokemon/748.png","name":"Toxapex","type":"poison,water","stats":{"hp":"50","atk":"63","def":"152","satk":"53","sdef":"142","spd":"35"}},{"id":"749","image":"/swordshield/pokemon/749.png","name":"Mudbray","type":"ground","stats":{"hp":"70","atk":"100","def":"70","satk":"45","sdef":"55","spd":"45"}},{"id":"750","image":"/swordshield/pokemon/750.png","name":"Mudsdale","type":"ground","stats":{"hp":"100","atk":"125","def":"100","satk":"55","sdef":"85","spd":"35"}},{"id":"751","image":"/swordshield/pokemon/751.png","name":"Dewpider","type":"water,bug","stats":{"hp":"38","atk":"40","def":"52","satk":"40","sdef":"72","spd":"27"}},{"id":"752","image":"/swordshield/pokemon/752.png","name":"Araquanid","type":"water,bug","stats":{"hp":"68","atk":"70","def":"92","satk":"50","sdef":"132","spd":"42"}},{"id":"753","image":"/swordshield/pokemon/753.png","name":"Fomantis","type":"grass","stats":{"hp":"40","atk":"55","def":"35","satk":"50","sdef":"35","spd":"35"}},{"id":"754","image":"/swordshield/pokemon/754.png","name":"Lurantis","type":"grass","stats":{"hp":"70","atk":"105","def":"90","satk":"80","sdef":"90","spd":"45"}},{"id":"755","image":"/swordshield/pokemon/755.png","name":"Morelull","type":"grass,fairy","stats":{"hp":"40","atk":"35","def":"55","satk":"65","sdef":"75","spd":"15"}},{"id":"756","image":"/swordshield/pokemon/756.png","name":"Shiinotic","type":"grass,fairy","stats":{"hp":"60","atk":"45","def":"80","satk":"90","sdef":"100","spd":"30"}},{"id":"757","image":"/swordshield/pokemon/757.png","name":"Salandit","type":"poison,fire","stats":{"hp":"48","atk":"44","def":"40","satk":"71","sdef":"40","spd":"77"}},{"id":"758","image":"/swordshield/pokemon/758.png","name":"Salazzle","type":"poison,fire","stats":{"hp":"68","atk":"64","def":"60","satk":"111","sdef":"60","spd":"117"}},{"id":"759","image":"/swordshield/pokemon/759.png","name":"Stufful","type":"normal,fighting","stats":{"hp":"70","atk":"75","def":"50","satk":"45","sdef":"50","spd":"50"}},{"id":"760","image":"/swordshield/pokemon/760.png","name":"Bewear","type":"normal,fighting","stats":{"hp":"120","atk":"125","def":"80","satk":"55","sdef":"60","spd":"60"}},{"id":"761","image":"/swordshield/pokemon/761.png","name":"Bounsweet","type":"grass","stats":{"hp":"42","atk":"30","def":"38","satk":"30","sdef":"38","spd":"32"}},{"id":"762","image":"/swordshield/pokemon/762.png","name":"Steenee","type":"grass","stats":{"hp":"52","atk":"40","def":"48","satk":"40","sdef":"48","spd":"62"}},{"id":"763","image":"/swordshield/pokemon/763.png","name":"Tsareena","type":"grass","stats":{"hp":"72","atk":"120","def":"98","satk":"50","sdef":"98","spd":"72"}},{"id":"764","image":"/swordshield/pokemon/764.png","name":"Comfey","type":"fairy","stats":{"hp":"51","atk":"52","def":"90","satk":"82","sdef":"110","spd":"100"}},{"id":"765","image":"/swordshield/pokemon/765.png","name":"Oranguru","type":"normal,psychic","stats":{"hp":"90","atk":"60","def":"80","satk":"90","sdef":"110","spd":"60"}},{"id":"766","image":"/swordshield/pokemon/766.png","name":"Passimian","type":"fighting","stats":{"hp":"100","atk":"120","def":"90","satk":"40","sdef":"60","spd":"80"}},{"id":"767","image":"/swordshield/pokemon/767.png","name":"Wimpod","type":"bug,water","stats":{"hp":"25","atk":"35","def":"40","satk":"20","sdef":"30","spd":"80"}},{"id":"768","image":"/swordshield/pokemon/768.png","name":"Golisopod","type":"bug,water","stats":{"hp":"75","atk":"125","def":"140","satk":"60","sdef":"90","spd":"40"}},{"id":"769","image":"/swordshield/pokemon/769.png","name":"Sandygast","type":"ghost,ground","stats":{"hp":"55","atk":"55","def":"80","satk":"70","sdef":"45","spd":"15"}},{"id":"770","image":"/swordshield/pokemon/770.png","name":"Palossand","type":"ghost,ground","stats":{"hp":"85","atk":"75","def":"110","satk":"100","sdef":"75","spd":"35"}},{"id":"771","image":"/swordshield/pokemon/771.png","name":"Pyukumuku","type":"water","stats":{"hp":"55","atk":"60","def":"130","satk":"30","sdef":"130","spd":"5"}},{"id":"772","image":"/swordshield/pokemon/772.png","name":"Type: Null","type":"normal","stats":{"hp":"95","atk":"95","def":"95","satk":"95","sdef":"95","spd":"59"}},{"id":"773","image":"/swordshield/pokemon/773.png","name":"Silvally","type":"normal","stats":{"hp":"95","atk":"95","def":"95","satk":"95","sdef":"95","spd":"95"}},{"id":"774","image":"/swordshield/pokemon/774.png","name":"Minior","type":"rock,flying","stats":{"hp":"60","atk":"60","def":"100","satk":"60","sdef":"100","spd":"60"}},{"id":"775","image":"/swordshield/pokemon/775.png","name":"Komala","type":"normal","stats":{"hp":"65","atk":"115","def":"65","satk":"75","sdef":"95","spd":"65"}},{"id":"776","image":"/swordshield/pokemon/776.png","name":"Turtonator","type":"fire,dragon","stats":{"hp":"60","atk":"78","def":"135","satk":"91","sdef":"85","spd":"36"}},{"id":"777","image":"/swordshield/pokemon/777.png","name":"Togedemaru","type":"electric,steel","stats":{"hp":"65","atk":"98","def":"63","satk":"40","sdef":"73","spd":"96"}},{"id":"778","image":"/swordshield/pokemon/778.png","name":"Mimikyu","type":"ghost,fairy","stats":{"hp":"55","atk":"90","def":"80","satk":"50","sdef":"105","spd":"96"}},{"id":"779","image":"/swordshield/pokemon/779.png","name":"Bruxish","type":"water,psychic","stats":{"hp":"68","atk":"105","def":"70","satk":"70","sdef":"70","spd":"92"}},{"id":"780","image":"/swordshield/pokemon/780.png","name":"Drampa","type":"normal,dragon","stats":{"hp":"78","atk":"60","def":"85","satk":"135","sdef":"91","spd":"36"}},{"id":"781","image":"/swordshield/pokemon/781.png","name":"Dhelmise","type":"ghost,grass","stats":{"hp":"70","atk":"131","def":"100","satk":"86","sdef":"90","spd":"40"}},{"id":"782","image":"/swordshield/pokemon/782.png","name":"Jangmo-o","type":"dragon","stats":{"hp":"45","atk":"55","def":"65","satk":"45","sdef":"45","spd":"45"}},{"id":"783","image":"/swordshield/pokemon/783.png","name":"Hakamo-o","type":"dragon,fighting","stats":{"hp":"55","atk":"75","def":"90","satk":"65","sdef":"70","spd":"65"}},{"id":"784","image":"/swordshield/pokemon/784.png","name":"Kommo-o","type":"dragon,fighting","stats":{"hp":"75","atk":"110","def":"125","satk":"100","sdef":"105","spd":"85"}},{"id":"785","image":"/swordshield/pokemon/785.png","name":"Tapu Koko","type":"electric,fairy","stats":{"hp":"70","atk":"115","def":"85","satk":"95","sdef":"75","spd":"130"}},{"id":"786","image":"/swordshield/pokemon/786.png","name":"Tapu Lele","type":"psychic,fairy","stats":{"hp":"70","atk":"85","def":"75","satk":"130","sdef":"115","spd":"95"}},{"id":"787","image":"/swordshield/pokemon/787.png","name":"Tapu Bulu","type":"grass,fairy","stats":{"hp":"70","atk":"130","def":"115","satk":"85","sdef":"95","spd":"75"}},{"id":"788","image":"/swordshield/pokemon/788.png","name":"Tapu Fini","type":"water,fairy","stats":{"hp":"70","atk":"75","def":"115","satk":"95","sdef":"130","spd":"85"}},{"id":"789","image":"/swordshield/pokemon/789.png","name":"Cosmog","type":"psychic","stats":{"hp":"43","atk":"29","def":"31","satk":"29","sdef":"31","spd":"37"}},{"id":"790","image":"/swordshield/pokemon/790.png","name":"Cosmoem","type":"psychic","stats":{"hp":"43","atk":"29","def":"131","satk":"29","sdef":"131","spd":"37"}},{"id":"791","image":"/swordshield/pokemon/791.png","name":"Solgaleo","type":"psychic,steel","stats":{"hp":"137","atk":"137","def":"107","satk":"113","sdef":"89","spd":"97"}},{"id":"792","image":"/swordshield/pokemon/792.png","name":"Lunala","type":"psychic,ghost","stats":{"hp":"137","atk":"113","def":"89","satk":"137","sdef":"107","spd":"97"}},{"id":"793","image":"/swordshield/pokemon/793.png","name":"Nihilego","type":"rock,poison","stats":{"hp":"109","atk":"53","def":"47","satk":"127","sdef":"131","spd":"103"}},{"id":"794","image":"/swordshield/pokemon/794.png","name":"Buzzwole","type":"bug,fighting","stats":{"hp":"107","atk":"139","def":"139","satk":"53","sdef":"53","spd":"79"}},{"id":"795","image":"/swordshield/pokemon/795.png","name":"Pheromosa","type":"bug,fighting","stats":{"hp":"71","atk":"137","def":"37","satk":"137","sdef":"37","spd":"151"}},{"id":"796","image":"/swordshield/pokemon/796.png","name":"Xurkitree","type":"electric","stats":{"hp":"83","atk":"89","def":"71","satk":"173","sdef":"71","spd":"83"}},{"id":"797","image":"/swordshield/pokemon/797.png","name":"Celesteela","type":"steel,flying","stats":{"hp":"97","atk":"101","def":"103","satk":"107","sdef":"101","spd":"61"}},{"id":"798","image":"/swordshield/pokemon/798.png","name":"Kartana","type":"grass,steel","stats":{"hp":"59","atk":"181","def":"131","satk":"59","sdef":"31","spd":"109"}},{"id":"799","image":"/swordshield/pokemon/799.png","name":"Guzzlord","type":"dark,dragon","stats":{"hp":"223","atk":"101","def":"53","satk":"97","sdef":"53","spd":"43"}},{"id":"800","image":"/swordshield/pokemon/800.png","name":"Necrozma","type":"psychic","stats":{"hp":"97","atk":"107","def":"101","satk":"127","sdef":"89","spd":"79"}},{"id":"801","image":"/swordshield/pokemon/801.png","name":"Magearna","type":"steel,fairy","stats":{"hp":"80","atk":"95","def":"115","satk":"130","sdef":"115","spd":"65"}},{"id":"802","image":"/swordshield/pokemon/802.png","name":"Marshadow","type":"fighting,ghost","stats":{"hp":"90","atk":"125","def":"80","satk":"90","sdef":"90","spd":"125"}},{"id":"803","image":"/swordshield/pokemon/803.png","name":"Poipole","type":"poison","stats":{"hp":"67","atk":"73","def":"67","satk":"73","sdef":"67","spd":"73"}},{"id":"804","image":"/swordshield/pokemon/804.png","name":"Naganadel","type":"poison,dragon","stats":{"hp":"73","atk":"73","def":"73","satk":"127","sdef":"73","spd":"121"}},{"id":"805","image":"/swordshield/pokemon/805.png","name":"Stakataka","type":"rock,steel","stats":{"hp":"61","atk":"131","def":"211","satk":"53","sdef":"101","spd":"13"}},{"id":"806","image":"/swordshield/pokemon/806.png","name":"Blacephalon","type":"fire,ghost","stats":{"hp":"53","atk":"127","def":"53","satk":"151","sdef":"79","spd":"107"}},{"id":"807","image":"/swordshield/pokemon/807.png","name":"Zeraora","type":"electric","stats":{"hp":"88","atk":"112","def":"75","satk":"102","sdef":"80","spd":"143"}},{"id":"808","image":"/swordshield/pokemon/808.png","name":"Meltan","type":"steel","stats":{"hp":"46","atk":"65","def":"65","satk":"55","sdef":"35","spd":"34"}},{"id":"809","image":"/swordshield/pokemon/809.png","name":"Melmetal","type":"steel","stats":{"hp":"135","atk":"143","def":"143","satk":"80","sdef":"65","spd":"34"}}]}